sex,age_group,year,suicide_rate
Males,15-19,1907,3.3
Males,20-24,1907,9.1
Males,25-29,1907,18.3
Males,30-34,1907,18.7
Males,35-39,1907,24.2
Males,40-44,1907,36.2
Males,45-49,1907,47.4
Males,50-54,1907,41.2
Males,55-59,1907,46.4
Males,60-64,1907,58.5
Males,65-69,1907,42.7
Males,70-74,1907,57.2
Males,75-79,1907,60.8
Males,80-84,1907,90.4
Males,85+,1907,67.8
Females,15-19,1907,1.9
Females,20-24,1907,6.4
Females,25-29,1907,4.0
Females,30-34,1907,8.6
Females,35-39,1907,4.5
Females,40-44,1907,2.6
Females,45-49,1907,8.7
Females,50-54,1907,5.5
Females,55-59,1907,7.7
Females,60-64,1907,12.1
Females,65-69,1907,11.7
Females,70-74,1907,0.0
Females,75-79,1907,21.7
Females,80-84,1907,15.0
Females,85+,1907,0.0
Males,15-19,1908,3.7
Males,20-24,1908,13.6
Males,25-29,1908,13.7
Males,30-34,1908,22.1
Males,35-39,1908,28.1
Males,40-44,1908,41.4
Males,45-49,1908,41.5
Males,50-54,1908,45.6
Males,55-59,1908,57.0
Males,60-64,1908,57.9
Males,65-69,1908,60.1
Males,70-74,1908,46.0
Males,75-79,1908,29.3
Males,80-84,1908,24.9
Males,85+,1908,0.0
Females,15-19,1908,4.7
Females,20-24,1908,6.8
Females,25-29,1908,6.1
Females,30-34,1908,3.9
Females,35-39,1908,8.2
Females,40-44,1908,10.3
Females,45-49,1908,7.3
Females,50-54,1908,7.9
Females,55-59,1908,9.4
Females,60-64,1908,2.4
Females,65-69,1908,2.9
Females,70-74,1908,0.0
Females,75-79,1908,0.0
Females,80-84,1908,0.0
Females,85+,1908,0.0
Males,15-19,1909,4.5
Males,20-24,1909,11.0
Males,25-29,1909,16.5
Males,30-34,1909,27.2
Males,35-39,1909,23.5
Males,40-44,1909,35.9
Males,45-49,1909,40.0
Males,50-54,1909,33.8
Males,55-59,1909,51.0
Males,60-64,1909,47.4
Males,65-69,1909,64.8
Males,70-74,1909,41.9
Males,75-79,1909,22.6
Males,80-84,1909,72.3
Males,85+,1909,62.6
Females,15-19,1909,5.5
Females,20-24,1909,5.7
Females,25-29,1909,6.0
Females,30-34,1909,7.7
Females,35-39,1909,11.7
Females,40-44,1909,7.5
Females,45-49,1909,13.9
Females,50-54,1909,7.6
Females,55-59,1909,0.0
Females,60-64,1909,7.0
Females,65-69,1909,0.0
Females,70-74,1909,8.1
Females,75-79,1909,0.0
Females,80-84,1909,0.0
Females,85+,1909,0.0
Males,15-19,1910,2.7
Males,20-24,1910,10.7
Males,25-29,1910,17.2
Males,30-34,1910,24.0
Males,35-39,1910,29.4
Males,40-44,1910,41.0
Males,45-49,1910,44.0
Males,50-54,1910,46.8
Males,55-59,1910,53.8
Males,60-64,1910,72.3
Males,65-69,1910,42.2
Males,70-74,1910,31.1
Males,75-79,1910,27.3
Males,80-84,1910,46.6
Males,85+,1910,90.4
Females,15-19,1910,3.6
Females,20-24,1910,4.6
Females,25-29,1910,5.4
Females,30-34,1910,4.4
Females,35-39,1910,5.8
Females,40-44,1910,3.3
Females,45-49,1910,8.6
Females,50-54,1910,17.1
Females,55-59,1910,8.9
Females,60-64,1910,4.6
Females,65-69,1910,5.5
Females,70-74,1910,7.9
Females,75-79,1910,0.0
Females,80-84,1910,0.0
Females,85+,1910,0.0
Males,15-19,1911,3.1
Males,20-24,1911,13.1
Males,25-29,1911,20.9
Males,30-34,1911,26.7
Males,35-39,1911,34.7
Males,40-44,1911,37.7
Males,45-49,1911,41.8
Males,50-54,1911,47.8
Males,55-59,1911,52.4
Males,60-64,1911,56.0
Males,65-69,1911,39.5
Males,70-74,1911,23.9
Males,75-79,1911,42.2
Males,80-84,1911,56.4
Males,85+,1911,29.0
Females,15-19,1911,2.7
Females,20-24,1911,4.1
Females,25-29,1911,5.8
Females,30-34,1911,11.8
Females,35-39,1911,10.0
Females,40-44,1911,8.8
Females,45-49,1911,10.1
Females,50-54,1911,5.9
Females,55-59,1911,8.7
Females,60-64,1911,2.3
Females,65-69,1911,5.4
Females,70-74,1911,7.6
Females,75-79,1911,6.0
Females,80-84,1911,0.0
Females,85+,1911,0.0
Males,15-19,1912,5.2
Males,20-24,1912,16.2
Males,25-29,1912,21.6
Males,30-34,1912,31.5
Males,35-39,1912,38.7
Males,40-44,1912,43.8
Males,45-49,1912,45.1
Males,50-54,1912,55.6
Males,55-59,1912,61.0
Males,60-64,1912,35.9
Males,65-69,1912,54.5
Males,70-74,1912,33.7
Males,75-79,1912,36.8
Males,80-84,1912,11.2
Males,85+,1912,28.0
Females,15-19,1912,6.2
Females,20-24,1912,7.7
Females,25-29,1912,6.2
Females,30-34,1912,6.6
Females,35-39,1912,10.3
Females,40-44,1912,8.5
Females,45-49,1912,8.9
Females,50-54,1912,13.5
Females,55-59,1912,6.5
Females,60-64,1912,8.4
Females,65-69,1912,7.9
Females,70-74,1912,0.0
Females,75-79,1912,0.0
Females,80-84,1912,0.0
Females,85+,1912,0.0
Males,15-19,1913,3.5
Males,20-24,1913,15.8
Males,25-29,1913,22.8
Males,30-34,1913,27.8
Males,35-39,1913,40.7
Males,40-44,1913,33.8
Males,45-49,1913,43.2
Males,50-54,1913,64.9
Males,55-59,1913,52.8
Males,60-64,1913,41.9
Males,65-69,1913,59.3
Males,70-74,1913,39.8
Males,75-79,1913,36.6
Males,80-84,1913,33.4
Males,85+,1913,27.1
Females,15-19,1913,2.7
Females,20-24,1913,9.0
Females,25-29,1913,10.0
Females,30-34,1913,9.8
Females,35-39,1913,8.0
Females,40-44,1913,10.5
Females,45-49,1913,16.5
Females,50-54,1913,9.8
Females,55-59,1913,4.6
Females,60-64,1913,9.8
Females,65-69,1913,5.1
Females,70-74,1913,11.0
Females,75-79,1913,0.0
Females,80-84,1913,0.0
Females,85+,1913,0.0
Males,15-19,1914,3.9
Males,20-24,1914,16.8
Males,25-29,1914,25.0
Males,30-34,1914,34.4
Males,35-39,1914,36.0
Males,40-44,1914,39.8
Males,45-49,1914,42.1
Males,50-54,1914,52.3
Males,55-59,1914,51.2
Males,60-64,1914,55.1
Males,65-69,1914,48.3
Males,70-74,1914,49.1
Males,75-79,1914,36.4
Males,80-84,1914,22.1
Males,85+,1914,26.2
Females,15-19,1914,4.0
Females,20-24,1914,4.5
Females,25-29,1914,8.3
Females,30-34,1914,10.6
Females,35-39,1914,6.4
Females,40-44,1914,8.1
Females,45-49,1914,8.5
Females,50-54,1914,10.4
Females,55-59,1914,8.5
Females,60-64,1914,5.5
Females,65-69,1914,7.4
Females,70-74,1914,3.6
Females,75-79,1914,0.0
Females,80-84,1914,0.0
Females,85+,1914,0.0
Males,15-19,1915,3.9
Males,20-24,1915,12.0
Males,25-29,1915,24.2
Males,30-34,1915,25.2
Males,35-39,1915,39.1
Males,40-44,1915,42.4
Males,45-49,1915,37.4
Males,50-54,1915,47.8
Males,55-59,1915,58.6
Males,60-64,1915,54.9
Males,65-69,1915,67.8
Males,70-74,1915,58.1
Males,75-79,1915,57.0
Males,80-84,1915,21.9
Males,85+,1915,50.7
Females,15-19,1915,4.4
Females,20-24,1915,4.5
Females,25-29,1915,6.7
Females,30-34,1915,9.7
Females,35-39,1915,5.6
Females,40-44,1915,10.7
Females,45-49,1915,14.1
Females,50-54,1915,6.0
Females,55-59,1915,21.5
Females,60-64,1915,8.6
Females,65-69,1915,2.4
Females,70-74,1915,3.5
Females,75-79,1915,0.0
Females,80-84,1915,0.0
Females,85+,1915,0.0
Males,15-19,1916,3.0
Males,20-24,1916,10.2
Males,25-29,1916,14.6
Males,30-34,1916,11.5
Males,35-39,1916,29.0
Males,40-44,1916,48.0
Males,45-49,1916,35.7
Males,50-54,1916,54.9
Males,55-59,1916,48.4
Males,60-64,1916,57.4
Males,65-69,1916,36.8
Males,70-74,1916,54.1
Males,75-79,1916,36.1
Males,80-84,1916,21.8
Males,85+,1916,49.1
Females,15-19,1916,5.7
Females,20-24,1916,3.6
Females,25-29,1916,7.5
Females,30-34,1916,7.9
Females,35-39,1916,5.4
Females,40-44,1916,9.0
Females,45-49,1916,8.9
Females,50-54,1916,13.6
Females,55-59,1916,7.6
Females,60-64,1916,4.9
Females,65-69,1916,2.3
Females,70-74,1916,6.9
Females,75-79,1916,0.0
Females,80-84,1916,0.0
Females,85+,1916,0.0
Males,15-19,1917,2.1
Males,20-24,1917,7.1
Males,25-29,1917,15.8
Males,30-34,1917,16.6
Males,35-39,1917,22.2
Males,40-44,1917,33.6
Males,45-49,1917,31.8
Males,50-54,1917,49.8
Males,55-59,1917,43.2
Males,60-64,1917,38.5
Males,65-69,1917,37.6
Males,70-74,1917,50.2
Males,75-79,1917,30.8
Males,80-84,1917,21.6
Males,85+,1917,23.8
Females,15-19,1917,4.4
Females,20-24,1917,6.2
Females,25-29,1917,6.9
Females,30-34,1917,5.1
Females,35-39,1917,4.7
Females,40-44,1917,5.4
Females,45-49,1917,9.5
Females,50-54,1917,1.9
Females,55-59,1917,6.0
Females,60-64,1917,3.1
Females,65-69,1917,4.5
Females,70-74,1917,10.1
Females,75-79,1917,5.2
Females,80-84,1917,0.0
Females,85+,1917,0.0
Males,15-19,1918,2.1
Males,20-24,1918,5.8
Males,25-29,1918,14.7
Males,30-34,1918,17.6
Males,35-39,1918,21.6
Males,40-44,1918,23.3
Males,45-49,1918,49.1
Males,50-54,1918,33.8
Males,55-59,1918,39.4
Males,60-64,1918,39.1
Males,65-69,1918,57.4
Males,70-74,1918,40.3
Males,75-79,1918,25.6
Males,80-84,1918,43.0
Males,85+,1918,46.3
Females,15-19,1918,1.3
Females,20-24,1918,5.7
Females,25-29,1918,6.7
Females,30-34,1918,4.9
Females,35-39,1918,3.4
Females,40-44,1918,6.6
Females,45-49,1918,7.0
Females,50-54,1918,8.2
Females,55-59,1918,3.4
Females,60-64,1918,8.8
Females,65-69,1918,2.2
Females,70-74,1918,16.5
Females,75-79,1918,0.0
Females,80-84,1918,0.0
Females,85+,1918,0.0
Males,15-19,1919,5.5
Males,20-24,1919,7.7
Males,25-29,1919,23.6
Males,30-34,1919,19.4
Males,35-39,1919,26.4
Males,40-44,1919,28.4
Males,45-49,1919,35.5
Males,50-54,1919,35.4
Males,55-59,1919,33.2
Males,60-64,1919,38.5
Males,65-69,1919,46.3
Males,70-74,1919,27.5
Males,75-79,1919,40.8
Males,80-84,1919,53.3
Males,85+,1919,22.5
Females,15-19,1919,1.3
Females,20-24,1919,3.9
Females,25-29,1919,4.8
Females,30-34,1919,5.3
Females,35-39,1919,6.6
Females,40-44,1919,9.1
Females,45-49,1919,10.6
Females,50-54,1919,8.0
Females,55-59,1919,13.1
Females,60-64,1919,7.0
Females,65-69,1919,8.4
Females,70-74,1919,3.2
Females,75-79,1919,5.0
Females,80-84,1919,0.0
Females,85+,1919,0.0
Males,15-19,1920,3.8
Males,20-24,1920,12.2
Males,25-29,1920,19.8
Males,30-34,1920,20.8
Males,35-39,1920,30.9
Males,40-44,1920,36.3
Males,45-49,1920,37.2
Males,50-54,1920,49.1
Males,55-59,1920,40.7
Males,60-64,1920,35.6
Males,65-69,1920,50.3
Males,70-74,1920,51.3
Males,75-79,1920,45.7
Males,80-84,1920,84.8
Males,85+,1920,109.3
Females,15-19,1920,1.7
Females,20-24,1920,4.4
Females,25-29,1920,6.9
Females,30-34,1920,6.0
Females,35-39,1920,10.7
Females,40-44,1920,10.1
Females,45-49,1920,8.9
Females,50-54,1920,8.6
Females,55-59,1920,7.3
Females,60-64,1920,9.3
Females,65-69,1920,4.1
Females,70-74,1920,6.4
Females,75-79,1920,4.9
Females,80-84,1920,0.0
Females,85+,1920,0.0
Males,15-19,1921,3.8
Males,20-24,1921,12.7
Males,25-29,1921,18.7
Males,30-34,1921,18.1
Males,35-39,1921,23.6
Males,40-44,1921,38.7
Males,45-49,1921,39.6
Males,50-54,1921,37.8
Males,55-59,1921,50.3
Males,60-64,1921,50.5
Males,65-69,1921,61.1
Males,70-74,1921,26.8
Males,75-79,1921,40.4
Males,80-84,1921,42.1
Males,85+,1921,21.3
Females,15-19,1921,3.0
Females,20-24,1921,1.7
Females,25-29,1921,6.7
Females,30-34,1921,9.0
Females,35-39,1921,7.8
Females,40-44,1921,6.2
Females,45-49,1921,8.0
Females,50-54,1921,6.7
Females,55-59,1921,9.0
Females,60-64,1921,5.1
Females,65-69,1921,4.0
Females,70-74,1921,12.5
Females,75-79,1921,0.0
Females,80-84,1921,9.7
Females,85+,1921,0.0
Males,15-19,1922,7.4
Males,20-24,1922,9.7
Males,25-29,1922,14.9
Males,30-34,1922,15.1
Males,35-39,1922,22.4
Males,40-44,1922,26.6
Males,45-49,1922,35.2
Males,50-54,1922,33.4
Males,55-59,1922,31.8
Males,60-64,1922,50.5
Males,65-69,1922,20.8
Males,70-74,1922,54.0
Males,75-79,1922,54.2
Males,80-84,1922,51.5
Males,85+,1922,63.8
Females,15-19,1922,3.4
Females,20-24,1922,3.5
Females,25-29,1922,4.7
Females,30-34,1922,4.8
Females,35-39,1922,6.6
Females,40-44,1922,3.6
Females,45-49,1922,6.4
Females,50-54,1922,5.6
Females,55-59,1922,5.8
Females,60-64,1922,4.8
Females,65-69,1922,7.3
Females,70-74,1922,9.1
Females,75-79,1922,0.0
Females,80-84,1922,0.0
Females,85+,1922,0.0
Males,15-19,1923,4.8
Males,20-24,1923,8.2
Males,25-29,1923,18.5
Males,30-34,1923,23.5
Males,35-39,1923,23.3
Males,40-44,1923,34.0
Males,45-49,1923,30.1
Males,50-54,1923,31.4
Males,55-59,1923,36.8
Males,60-64,1923,40.9
Males,65-69,1923,51.7
Males,70-74,1923,48.1
Males,75-79,1923,38.3
Males,80-84,1923,59.4
Males,85+,1923,0.0
Females,15-19,1923,2.9
Females,20-24,1923,1.7
Females,25-29,1923,4.3
Females,30-34,1923,8.6
Females,35-39,1923,4.9
Females,40-44,1923,6.9
Females,45-49,1923,4.9
Females,50-54,1923,10.3
Females,55-59,1923,9.4
Females,60-64,1923,9.2
Females,65-69,1923,10.1
Females,70-74,1923,0.0
Females,75-79,1923,0.0
Females,80-84,1923,0.0
Females,85+,1923,0.0
Males,15-19,1924,5.4
Males,20-24,1924,14.4
Males,25-29,1924,15.7
Males,30-34,1924,23.5
Males,35-39,1924,30.5
Males,40-44,1924,32.2
Males,45-49,1924,32.3
Males,50-54,1924,41.5
Males,55-59,1924,29.6
Males,60-64,1924,36.3
Males,65-69,1924,47.0
Males,70-74,1924,47.5
Males,75-79,1924,55.3
Males,80-84,1924,58.3
Males,85+,1924,24.4
Females,15-19,1924,2.8
Females,20-24,1924,4.3
Females,25-29,1924,6.4
Females,30-34,1924,3.4
Females,35-39,1924,9.4
Females,40-44,1924,6.7
Females,45-49,1924,8.1
Females,50-54,1924,7.7
Females,55-59,1924,10.9
Females,60-64,1924,4.4
Females,65-69,1924,9.4
Females,70-74,1924,5.5
Females,75-79,1924,4.5
Females,80-84,1924,0.0
Females,85+,1924,0.0
Males,15-19,1925,4.8
Males,20-24,1925,15.5
Males,25-29,1925,23.4
Males,30-34,1925,24.7
Males,35-39,1925,23.2
Males,40-44,1925,29.2
Males,45-49,1925,32.9
Males,50-54,1925,35.2
Males,55-59,1925,41.0
Males,60-64,1925,43.8
Males,65-69,1925,51.0
Males,70-74,1925,69.8
Males,75-79,1925,44.8
Males,80-84,1925,36.4
Males,85+,1925,125.0
Females,15-19,1925,2.3
Females,20-24,1925,3.8
Females,25-29,1925,5.5
Females,30-34,1925,9.2
Females,35-39,1925,9.7
Females,40-44,1925,8.1
Females,45-49,1925,7.8
Females,50-54,1925,6.8
Females,55-59,1925,9.7
Females,60-64,1925,5.4
Females,65-69,1925,2.9
Females,70-74,1925,7.7
Females,75-79,1925,0.0
Females,80-84,1925,16.5
Females,85+,1925,0.0
Males,15-19,1926,3.6
Males,20-24,1926,11.4
Males,25-29,1926,17.3
Males,30-34,1926,20.0
Males,35-39,1926,29.6
Males,40-44,1926,37.2
Males,45-49,1926,45.4
Males,50-54,1926,37.3
Males,55-59,1926,53.0
Males,60-64,1926,39.6
Males,65-69,1926,44.0
Males,70-74,1926,26.0
Males,75-79,1926,47.0
Males,80-84,1926,81.8
Males,85+,1926,25.6
Females,15-19,1926,1.5
Females,20-24,1926,6.3
Females,25-29,1926,7.2
Females,30-34,1926,5.0
Females,35-39,1926,5.8
Females,40-44,1926,7.9
Females,45-49,1926,6.9
Females,50-54,1926,8.2
Females,55-59,1926,6.9
Females,60-64,1926,12.6
Females,65-69,1926,2.8
Females,70-74,1926,4.8
Females,75-79,1926,8.5
Females,80-84,1926,24.0
Females,85+,1926,0.0
Males,15-19,1927,2.1
Males,20-24,1927,13.6
Males,25-29,1927,16.2
Males,30-34,1927,21.3
Males,35-39,1927,23.5
Males,40-44,1927,31.2
Males,45-49,1927,41.5
Males,50-54,1927,48.7
Males,55-59,1927,57.0
Males,60-64,1927,45.5
Males,65-69,1927,46.0
Males,70-74,1927,36.1
Males,75-79,1927,45.5
Males,80-84,1927,54.1
Males,85+,1927,24.4
Females,15-19,1927,5.8
Females,20-24,1927,4.5
Females,25-29,1927,4.6
Females,30-34,1927,7.5
Females,35-39,1927,6.1
Females,40-44,1927,7.1
Females,45-49,1927,12.1
Females,50-54,1927,8.1
Females,55-59,1927,5.9
Females,60-64,1927,8.2
Females,65-69,1927,8.1
Females,70-74,1927,6.5
Females,75-79,1927,12.3
Females,80-84,1927,0.0
Females,85+,1927,0.0
Males,15-19,1928,3.4
Males,20-24,1928,15.2
Males,25-29,1928,16.1
Males,30-34,1928,20.0
Males,35-39,1928,27.1
Males,40-44,1928,27.7
Males,45-49,1928,45.3
Males,50-54,1928,55.1
Males,55-59,1928,44.6
Males,60-64,1928,56.0
Males,65-69,1928,50.1
Males,70-74,1928,37.7
Males,75-79,1928,35.6
Males,80-84,1928,43.9
Males,85+,1928,122.0
Females,15-19,1928,3.2
Females,20-24,1928,5.1
Females,25-29,1928,8.3
Females,30-34,1928,3.7
Females,35-39,1928,7.7
Females,40-44,1928,7.8
Females,45-49,1928,9.4
Females,50-54,1928,11.5
Females,55-59,1928,5.8
Females,60-64,1928,5.0
Females,65-69,1928,10.4
Females,70-74,1928,4.0
Females,75-79,1928,7.9
Females,80-84,1928,7.5
Females,85+,1928,0.0
Males,15-19,1929,4.6
Males,20-24,1929,12.0
Males,25-29,1929,21.9
Males,30-34,1929,27.1
Males,35-39,1929,29.7
Males,40-44,1929,34.2
Males,45-49,1929,34.3
Males,50-54,1929,51.9
Males,55-59,1929,43.0
Males,60-64,1929,45.7
Males,65-69,1929,47.6
Males,70-74,1929,30.4
Males,75-79,1929,44.8
Males,80-84,1929,16.9
Males,85+,1929,0.0
Females,15-19,1929,1.4
Females,20-24,1929,3.4
Females,25-29,1929,7.0
Females,30-34,1929,5.9
Females,35-39,1929,8.8
Females,40-44,1929,10.4
Females,45-49,1929,10.9
Females,50-54,1929,9.1
Females,55-59,1929,5.7
Females,60-64,1929,4.8
Females,65-69,1929,10.0
Females,70-74,1929,1.9
Females,75-79,1929,3.8
Females,80-84,1929,0.0
Females,85+,1929,0.0
Males,15-19,1930,6.1
Males,20-24,1930,13.2
Males,25-29,1930,24.3
Males,30-34,1930,30.4
Males,35-39,1930,33.0
Males,40-44,1930,36.8
Males,45-49,1930,45.5
Males,50-54,1930,56.6
Males,55-59,1930,61.8
Males,60-64,1930,67.9
Males,65-69,1930,47.9
Males,70-74,1930,57.7
Males,75-79,1930,49.3
Males,80-84,1930,33.1
Males,85+,1930,40.8
Females,15-19,1930,5.3
Females,20-24,1930,5.2
Females,25-29,1930,3.7
Females,30-34,1930,5.0
Females,35-39,1930,8.8
Females,40-44,1930,7.4
Females,45-49,1930,9.5
Females,50-54,1930,7.4
Females,55-59,1930,11.2
Females,60-64,1930,12.3
Females,65-69,1930,4.9
Females,70-74,1930,5.3
Females,75-79,1930,3.6
Females,80-84,1930,0.0
Females,85+,1930,0.0
Males,15-19,1931,4.2
Males,20-24,1931,11.0
Males,25-29,1931,19.9
Males,30-34,1931,26.3
Males,35-39,1931,30.3
Males,40-44,1931,25.4
Males,45-49,1931,34.7
Males,50-54,1931,54.7
Males,55-59,1931,63.9
Males,60-64,1931,50.4
Males,65-69,1931,46.2
Males,70-74,1931,48.5
Males,75-79,1931,71.9
Males,80-84,1931,0.0
Males,85+,1931,75.5
Females,15-19,1931,2.0
Females,20-24,1931,4.0
Females,25-29,1931,8.6
Females,30-34,1931,6.3
Females,35-39,1931,4.6
Females,40-44,1931,5.9
Females,45-49,1931,9.7
Females,50-54,1931,7.2
Females,55-59,1931,11.8
Females,60-64,1931,6.4
Females,65-69,1931,3.5
Females,70-74,1931,10.1
Females,75-79,1931,3.3
Females,80-84,1931,0.0
Females,85+,1931,0.0
Males,15-19,1932,3.5
Males,20-24,1932,10.6
Males,25-29,1932,17.0
Males,30-34,1932,15.3
Males,35-39,1932,23.9
Males,40-44,1932,25.9
Males,45-49,1932,37.8
Males,50-54,1932,43.9
Males,55-59,1932,44.9
Males,60-64,1932,54.4
Males,65-69,1932,37.1
Males,70-74,1932,42.1
Males,75-79,1932,45.7
Males,80-84,1932,44.8
Males,85+,1932,17.5
Females,15-19,1932,3.6
Females,20-24,1932,4.3
Females,25-29,1932,6.0
Females,30-34,1932,5.0
Females,35-39,1932,8.9
Females,40-44,1932,8.8
Females,45-49,1932,8.4
Females,50-54,1932,10.8
Females,55-59,1932,11.7
Females,60-64,1932,5.4
Females,65-69,1932,5.7
Females,70-74,1932,4.9
Females,75-79,1932,8.9
Females,80-84,1932,0.0
Females,85+,1932,0.0
Males,15-19,1933,5.5
Males,20-24,1933,14.1
Males,25-29,1933,20.7
Males,30-34,1933,17.1
Males,35-39,1933,26.5
Males,40-44,1933,25.0
Males,45-49,1933,34.7
Males,50-54,1933,47.4
Males,55-59,1933,48.3
Males,60-64,1933,43.0
Males,65-69,1933,41.1
Males,70-74,1933,36.0
Males,75-79,1933,54.1
Males,80-84,1933,28.8
Males,85+,1933,0.0
Females,15-19,1933,3.6
Females,20-24,1933,6.7
Females,25-29,1933,8.7
Females,30-34,1933,7.9
Females,35-39,1933,7.2
Females,40-44,1933,6.1
Females,45-49,1933,8.0
Females,50-54,1933,6.8
Females,55-59,1933,11.4
Females,60-64,1933,1.8
Females,65-69,1933,5.5
Females,70-74,1933,6.3
Females,75-79,1933,0.0
Females,80-84,1933,12.8
Females,85+,1933,0.0
Males,15-19,1934,4.9
Males,20-24,1934,15.2
Males,25-29,1934,19.3
Males,30-34,1934,19.2
Males,35-39,1934,25.7
Males,40-44,1934,22.5
Males,45-49,1934,33.3
Males,50-54,1934,43.1
Males,55-59,1934,45.6
Males,60-64,1934,48.0
Males,65-69,1934,43.9
Males,70-74,1934,45.4
Males,75-79,1934,43.0
Males,80-84,1934,62.1
Males,85+,1934,49.2
Females,15-19,1934,3.4
Females,20-24,1934,6.5
Females,25-29,1934,5.8
Females,30-34,1934,5.8
Females,35-39,1934,12.9
Females,40-44,1934,9.9
Females,45-49,1934,10.7
Females,50-54,1934,9.6
Females,55-59,1934,9.6
Females,60-64,1934,7.9
Females,65-69,1934,6.5
Females,70-74,1934,7.5
Females,75-79,1934,0.0
Females,80-84,1934,6.2
Females,85+,1934,0.0
Males,15-19,1935,5.9
Males,20-24,1935,9.1
Males,25-29,1935,10.9
Males,30-34,1935,20.1
Males,35-39,1935,27.7
Males,40-44,1935,25.7
Males,45-49,1935,37.3
Males,50-54,1935,47.5
Males,55-59,1935,45.3
Males,60-64,1935,37.4
Males,65-69,1935,32.9
Males,70-74,1935,34.4
Males,75-79,1935,40.4
Males,80-84,1935,46.1
Males,85+,1935,47.6
Females,15-19,1935,2.7
Females,20-24,1935,5.0
Females,25-29,1935,6.0
Females,30-34,1935,7.9
Females,35-39,1935,12.4
Females,40-44,1935,10.8
Females,45-49,1935,10.9
Females,50-54,1935,8.1
Females,55-59,1935,9.3
Females,60-64,1935,3.5
Females,65-69,1935,1.1
Females,70-74,1935,13.2
Females,75-79,1935,2.4
Females,80-84,1935,11.6
Females,85+,1935,0.0
Males,15-19,1936,5.8
Males,20-24,1936,9.4
Males,25-29,1936,17.8
Males,30-34,1936,20.6
Males,35-39,1936,23.9
Males,40-44,1936,30.3
Males,45-49,1936,33.1
Males,50-54,1936,35.5
Males,55-59,1936,30.9
Males,60-64,1936,40.5
Males,65-69,1936,42.1
Males,70-74,1936,42.5
Males,75-79,1936,38.3
Males,80-84,1936,54.9
Males,85+,1936,61.5
Females,15-19,1936,2.3
Females,20-24,1936,4.0
Females,25-29,1936,7.4
Females,30-34,1936,5.8
Females,35-39,1936,6.8
Females,40-44,1936,7.7
Females,45-49,1936,11.2
Females,50-54,1936,13.5
Females,55-59,1936,9.0
Females,60-64,1936,17.1
Females,65-69,1936,6.2
Females,70-74,1936,4.3
Females,75-79,1936,2.3
Females,80-84,1936,0.0
Females,85+,1936,0.0
Males,15-19,1937,6.4
Males,20-24,1937,11.6
Males,25-29,1937,14.4
Males,30-34,1937,15.0
Males,35-39,1937,20.5
Males,40-44,1937,27.6
Males,45-49,1937,30.8
Males,50-54,1937,26.7
Males,55-59,1937,37.5
Males,60-64,1937,38.3
Males,65-69,1937,39.5
Males,70-74,1937,38.0
Males,75-79,1937,39.3
Males,80-84,1937,61.8
Males,85+,1937,31.3
Females,15-19,1937,0.7
Females,20-24,1937,4.9
Females,25-29,1937,2.9
Females,30-34,1937,5.7
Females,35-39,1937,6.8
Females,40-44,1937,9.5
Females,45-49,1937,8.6
Females,50-54,1937,7.6
Females,55-59,1937,12.0
Females,60-64,1937,4.2
Females,65-69,1937,6.1
Females,70-74,1937,5.5
Females,75-79,1937,2.2
Females,80-84,1937,9.7
Females,85+,1937,0.0
Males,15-19,1938,4.1
Males,20-24,1938,10.4
Males,25-29,1938,15.6
Males,30-34,1938,19.1
Males,35-39,1938,21.8
Males,40-44,1938,21.8
Males,45-49,1938,33.4
Males,50-54,1938,26.8
Males,55-59,1938,37.8
Males,60-64,1938,43.9
Males,65-69,1938,34.2
Males,70-74,1938,25.0
Males,75-79,1938,26.7
Males,80-84,1938,72.9
Males,85+,1938,46.2
Females,15-19,1938,2.0
Females,20-24,1938,4.3
Females,25-29,1938,6.0
Females,30-34,1938,9.2
Females,35-39,1938,7.6
Females,40-44,1938,7.4
Females,45-49,1938,6.3
Females,50-54,1938,10.4
Females,55-59,1938,13.6
Females,60-64,1938,7.4
Females,65-69,1938,4.0
Females,70-74,1938,2.7
Females,75-79,1938,8.4
Females,80-84,1938,0.0
Females,85+,1938,0.0
Males,15-19,1939,4.6
Males,20-24,1939,14.2
Males,25-29,1939,16.6
Males,30-34,1939,14.7
Males,35-39,1939,19.8
Males,40-44,1939,28.0
Males,45-49,1939,24.1
Males,50-54,1939,34.0
Males,55-59,1939,41.4
Males,60-64,1939,33.8
Males,65-69,1939,33.9
Males,70-74,1939,52.3
Males,75-79,1939,43.2
Males,80-84,1939,49.5
Males,85+,1939,45.5
Females,15-19,1939,2.6
Females,20-24,1939,6.4
Females,25-29,1939,3.4
Females,30-34,1939,3.9
Females,35-39,1939,6.8
Females,40-44,1939,10.5
Females,45-49,1939,10.7
Females,50-54,1939,9.6
Females,55-59,1939,8.1
Females,60-64,1939,10.3
Females,65-69,1939,14.8
Females,70-74,1939,6.5
Females,75-79,1939,6.1
Females,80-84,1939,0.0
Females,85+,1939,0.0
Males,15-19,1940,2.8
Males,20-24,1940,11.6
Males,25-29,1940,12.7
Males,30-34,1940,18.0
Males,35-39,1940,17.2
Males,40-44,1940,20.4
Males,45-49,1940,33.3
Males,50-54,1940,33.7
Males,55-59,1940,34.9
Males,60-64,1940,49.5
Males,65-69,1940,26.6
Males,70-74,1940,31.3
Males,75-79,1940,36.1
Males,80-84,1940,27.6
Males,85+,1940,43.5
Females,15-19,1940,2.8
Females,20-24,1940,3.4
Females,25-29,1940,3.7
Females,30-34,1940,8.4
Females,35-39,1940,5.0
Females,40-44,1940,9.5
Females,45-49,1940,11.5
Females,50-54,1940,11.3
Females,55-59,1940,4.2
Females,60-64,1940,7.6
Females,65-69,1940,8.7
Females,70-74,1940,11.3
Females,75-79,1940,5.9
Females,80-84,1940,7.7
Females,85+,1940,0.0
Males,15-19,1941,3.7
Males,20-24,1941,8.5
Males,25-29,1941,7.5
Males,30-34,1941,9.8
Males,35-39,1941,14.2
Males,40-44,1941,22.1
Males,45-49,1941,21.3
Males,50-54,1941,21.3
Males,55-59,1941,30.5
Males,60-64,1941,40.3
Males,65-69,1941,29.5
Males,70-74,1941,32.1
Males,75-79,1941,41.8
Males,80-84,1941,39.0
Males,85+,1941,53.3
Females,15-19,1941,1.9
Females,20-24,1941,4.3
Females,25-29,1941,4.9
Females,30-34,1941,5.9
Females,35-39,1941,5.4
Females,40-44,1941,6.5
Females,45-49,1941,8.3
Females,50-54,1941,9.6
Females,55-59,1941,9.9
Females,60-64,1941,9.5
Females,65-69,1941,5.7
Females,70-74,1941,6.1
Females,75-79,1941,3.8
Females,80-84,1941,0.0
Females,85+,1941,0.0
Males,15-19,1942,4.4
Males,20-24,1942,5.8
Males,25-29,1942,4.9
Males,30-34,1942,7.6
Males,35-39,1942,16.3
Males,40-44,1942,12.9
Males,45-49,1942,19.2
Males,50-54,1942,28.9
Males,55-59,1942,34.2
Males,60-64,1942,31.7
Males,65-69,1942,36.2
Males,70-74,1942,34.6
Males,75-79,1942,16.7
Males,80-84,1942,38.0
Males,85+,1942,12.7
Females,15-19,1942,1.6
Females,20-24,1942,4.0
Females,25-29,1942,4.3
Females,30-34,1942,8.7
Females,35-39,1942,4.5
Females,40-44,1942,7.7
Females,45-49,1942,8.4
Females,50-54,1942,11.2
Females,55-59,1942,8.5
Females,60-64,1942,5.7
Females,65-69,1942,7.5
Females,70-74,1942,1.2
Females,75-79,1942,7.5
Females,80-84,1942,0.0
Females,85+,1942,0.0
Males,15-19,1943,5.8
Males,20-24,1943,2.9
Males,25-29,1943,6.0
Males,30-34,1943,8.9
Males,35-39,1943,10.8
Males,40-44,1943,11.5
Males,45-49,1943,16.0
Males,50-54,1943,20.4
Males,55-59,1943,26.0
Males,60-64,1943,25.3
Males,65-69,1943,25.6
Males,70-74,1943,28.0
Males,75-79,1943,39.6
Males,80-84,1943,53.5
Males,85+,1943,49.4
Females,15-19,1943,1.0
Females,20-24,1943,1.6
Females,25-29,1943,3.3
Females,30-34,1943,3.9
Females,35-39,1943,4.0
Females,40-44,1943,8.1
Females,45-49,1943,11.1
Females,50-54,1943,10.2
Females,55-59,1943,5.4
Females,60-64,1943,7.5
Females,65-69,1943,1.8
Females,70-74,1943,8.4
Females,75-79,1943,5.4
Females,80-84,1943,6.8
Females,85+,1943,0.0
Males,15-19,1944,3.2
Males,20-24,1944,1.9
Males,25-29,1944,6.1
Males,30-34,1944,5.4
Males,35-39,1944,11.3
Males,40-44,1944,10.5
Males,45-49,1944,17.3
Males,50-54,1944,14.5
Males,55-59,1944,25.8
Males,60-64,1944,27.2
Males,65-69,1944,35.5
Males,70-74,1944,46.4
Males,75-79,1944,18.7
Males,80-84,1944,43.8
Males,85+,1944,23.5
Females,15-19,1944,2.6
Females,20-24,1944,4.8
Females,25-29,1944,4.7
Females,30-34,1944,5.2
Females,35-39,1944,7.8
Females,40-44,1944,6.4
Females,45-49,1944,6.2
Females,50-54,1944,9.6
Females,55-59,1944,9.0
Females,60-64,1944,10.0
Females,65-69,1944,9.8
Females,70-74,1944,13.1
Females,75-79,1944,1.8
Females,80-84,1944,3.2
Females,85+,1944,0.0
Males,15-19,1945,3.3
Males,20-24,1945,7.3
Males,25-29,1945,5.2
Males,30-34,1945,8.7
Males,35-39,1945,8.7
Males,40-44,1945,13.6
Males,45-49,1945,23.2
Males,50-54,1945,17.5
Males,55-59,1945,22.2
Males,60-64,1945,25.8
Males,65-69,1945,26.8
Males,70-74,1945,33.0
Males,75-79,1945,38.4
Males,80-84,1945,54.1
Males,85+,1945,20.6
Females,15-19,1945,1.7
Females,20-24,1945,1.6
Females,25-29,1945,4.1
Females,30-34,1945,6.4
Females,35-39,1945,5.8
Females,40-44,1945,4.7
Females,45-49,1945,10.2
Females,50-54,1945,10.1
Females,55-59,1945,10.8
Females,60-64,1945,14.2
Females,65-69,1945,8.5
Females,70-74,1945,3.5
Females,75-79,1945,5.1
Females,80-84,1945,3.1
Females,85+,1945,7.0
Males,15-19,1946,4.0
Males,20-24,1946,6.1
Males,25-29,1946,9.9
Males,30-34,1946,14.4
Males,35-39,1946,11.4
Males,40-44,1946,16.5
Males,45-49,1946,19.2
Males,50-54,1946,26.6
Males,55-59,1946,34.0
Males,60-64,1946,32.2
Males,65-69,1946,40.9
Males,70-74,1946,42.0
Males,75-79,1946,51.6
Males,80-84,1946,34.4
Males,85+,1946,28.3
Females,15-19,1946,2.7
Females,20-24,1946,2.9
Females,25-29,1946,6.0
Females,30-34,1946,5.0
Females,35-39,1946,9.8
Females,40-44,1946,11.5
Females,45-49,1946,10.2
Females,50-54,1946,13.2
Females,55-59,1946,10.1
Females,60-64,1946,8.2
Females,65-69,1946,8.1
Females,70-74,1946,11.6
Females,75-79,1946,8.3
Females,80-84,1946,12.2
Females,85+,1946,6.5
Males,15-19,1947,4.0
Males,20-24,1947,6.2
Males,25-29,1947,9.4
Males,30-34,1947,11.4
Males,35-39,1947,15.5
Males,40-44,1947,21.3
Males,45-49,1947,26.1
Males,50-54,1947,25.5
Males,55-59,1947,33.5
Males,60-64,1947,35.1
Males,65-69,1947,36.9
Males,70-74,1947,35.1
Males,75-79,1947,55.0
Males,80-84,1947,53.4
Males,85+,1947,34.2
Females,15-19,1947,1.4
Females,20-24,1947,3.6
Females,25-29,1947,6.3
Females,30-34,1947,5.3
Females,35-39,1947,8.1
Females,40-44,1947,6.8
Females,45-49,1947,8.4
Females,50-54,1947,9.7
Females,55-59,1947,8.9
Females,60-64,1947,14.6
Females,65-69,1947,11.7
Females,70-74,1947,10.2
Females,75-79,1947,8.1
Females,80-84,1947,0.0
Females,85+,1947,6.0
Males,15-19,1948,7.6
Males,20-24,1948,10.9
Males,25-29,1948,11.7
Males,30-34,1948,12.5
Males,35-39,1948,11.4
Males,40-44,1948,21.5
Males,45-49,1948,26.9
Males,50-54,1948,27.8
Males,55-59,1948,32.9
Males,60-64,1948,33.9
Males,65-69,1948,30.1
Males,70-74,1948,35.6
Males,75-79,1948,43.3
Males,80-84,1948,56.8
Males,85+,1948,74.4
Females,15-19,1948,0.7
Females,20-24,1948,1.6
Females,25-29,1948,4.6
Females,30-34,1948,5.3
Females,35-39,1948,7.2
Females,40-44,1948,2.5
Females,45-49,1948,6.6
Females,50-54,1948,12.9
Females,55-59,1948,6.8
Females,60-64,1948,7.6
Females,65-69,1948,9.1
Females,70-74,1948,5.5
Females,75-79,1948,6.5
Females,80-84,1948,5.8
Females,85+,1948,17.0
Males,15-19,1949,5.3
Males,20-24,1949,11.2
Males,25-29,1949,13.3
Males,30-34,1949,14.4
Males,35-39,1949,17.9
Males,40-44,1949,19.7
Males,45-49,1949,26.7
Males,50-54,1949,22.7
Males,55-59,1949,27.6
Males,60-64,1949,31.2
Males,65-69,1949,41.2
Males,70-74,1949,48.3
Males,75-79,1949,41.0
Males,80-84,1949,49.1
Males,85+,1949,40.0
Females,15-19,1949,2.6
Females,20-24,1949,1.9
Females,25-29,1949,4.1
Females,30-34,1949,3.3
Females,35-39,1949,7.9
Females,40-44,1949,7.1
Females,45-49,1949,10.0
Females,50-54,1949,4.6
Females,55-59,1949,6.7
Females,60-64,1949,13.0
Females,65-69,1949,11.8
Females,70-74,1949,8.4
Females,75-79,1949,4.8
Females,80-84,1949,0.0
Females,85+,1949,0.0
Males,15-19,1950,4.6
Males,20-24,1950,9.1
Males,25-29,1950,11.3
Males,30-34,1950,11.4
Males,35-39,1950,17.4
Males,40-44,1950,19.5
Males,45-49,1950,16.3
Males,50-54,1950,31.2
Males,55-59,1950,28.8
Males,60-64,1950,25.2
Males,65-69,1950,33.8
Males,70-74,1950,47.5
Males,75-79,1950,52.6
Males,80-84,1950,36.4
Males,85+,1950,46.5
Females,15-19,1950,1.9
Females,20-24,1950,2.6
Females,25-29,1950,2.7
Females,30-34,1950,5.6
Females,35-39,1950,6.2
Females,40-44,1950,8.0
Females,45-49,1950,6.5
Females,50-54,1950,8.6
Females,55-59,1950,14.3
Females,60-64,1950,11.5
Females,65-69,1950,12.2
Females,70-74,1950,6.0
Females,75-79,1950,6.3
Females,80-84,1950,0.0
Females,85+,1950,0.0
Males,15-19,1951,7.8
Males,20-24,1951,11.5
Males,25-29,1951,11.4
Males,30-34,1951,11.4
Males,35-39,1951,16.9
Males,40-44,1951,21.2
Males,45-49,1951,29.0
Males,50-54,1951,23.2
Males,55-59,1951,26.3
Males,60-64,1951,37.0
Males,65-69,1951,39.8
Males,70-74,1951,28.5
Males,75-79,1951,33.1
Males,80-84,1951,24.7
Males,85+,1951,22.9
Females,15-19,1951,1.1
Females,20-24,1951,4.5
Females,25-29,1951,3.3
Females,30-34,1951,4.1
Females,35-39,1951,8.6
Females,40-44,1951,6.2
Females,45-49,1951,10.6
Females,50-54,1951,5.8
Females,55-59,1951,12.3
Females,60-64,1951,8.0
Females,65-69,1951,10.4
Females,70-74,1951,10.5
Females,75-79,1951,7.6
Females,80-84,1951,5.2
Females,85+,1951,0.0
Males,15-19,1952,7.0
Males,20-24,1952,10.0
Males,25-29,1952,16.1
Males,30-34,1952,18.2
Males,35-39,1952,14.8
Males,40-44,1952,24.0
Males,45-49,1952,30.3
Males,50-54,1952,23.9
Males,55-59,1952,30.6
Males,60-64,1952,42.0
Males,65-69,1952,33.6
Males,70-74,1952,49.7
Males,75-79,1952,53.9
Males,80-84,1952,7.0
Males,85+,1952,38.2
Females,15-19,1952,2.6
Females,20-24,1952,2.0
Females,25-29,1952,4.1
Females,30-34,1952,5.6
Females,35-39,1952,10.9
Females,40-44,1952,8.1
Females,45-49,1952,10.0
Females,50-54,1952,11.1
Females,55-59,1952,10.4
Females,60-64,1952,9.4
Females,65-69,1952,6.7
Females,70-74,1952,10.1
Females,75-79,1952,8.9
Females,80-84,1952,10.2
Females,85+,1952,5.0
Males,15-19,1953,4.1
Males,20-24,1953,12.8
Males,25-29,1953,13.6
Males,30-34,1953,14.7
Males,35-39,1953,18.9
Males,40-44,1953,18.6
Males,45-49,1953,25.0
Males,50-54,1953,30.3
Males,55-59,1953,28.8
Males,60-64,1953,46.3
Males,65-69,1953,46.0
Males,70-74,1953,37.8
Males,75-79,1953,41.2
Males,80-84,1953,39.0
Males,85+,1953,44.4
Females,15-19,1953,2.1
Females,20-24,1953,1.7
Females,25-29,1953,5.3
Females,30-34,1953,5.7
Females,35-39,1953,6.9
Females,40-44,1953,11.3
Females,45-49,1953,11.2
Females,50-54,1953,21.2
Females,55-59,1953,10.4
Females,60-64,1953,13.8
Females,65-69,1953,8.3
Females,70-74,1953,9.8
Females,75-79,1953,7.1
Females,80-84,1953,7.6
Females,85+,1953,4.7
Males,15-19,1954,5.6
Males,20-24,1954,12.5
Males,25-29,1954,16.6
Males,30-34,1954,15.9
Males,35-39,1954,18.9
Males,40-44,1954,24.3
Males,45-49,1954,23.2
Males,50-54,1954,20.8
Males,55-59,1954,32.0
Males,60-64,1954,44.0
Males,65-69,1954,41.1
Males,70-74,1954,48.2
Males,75-79,1954,44.0
Males,80-84,1954,45.9
Males,85+,1954,28.6
Females,15-19,1954,2.1
Females,20-24,1954,1.0
Females,25-29,1954,6.0
Females,30-34,1954,4.4
Females,35-39,1954,7.9
Females,40-44,1954,7.6
Females,45-49,1954,14.0
Females,50-54,1954,11.9
Females,55-59,1954,11.3
Females,60-64,1954,14.2
Females,65-69,1954,11.8
Females,70-74,1954,10.5
Females,75-79,1954,8.2
Females,80-84,1954,2.5
Females,85+,1954,0.0
Males,15-19,1955,6.1
Males,20-24,1955,13.6
Males,25-29,1955,13.1
Males,30-34,1955,15.7
Males,35-39,1955,18.7
Males,40-44,1955,17.4
Males,45-49,1955,22.9
Males,50-54,1955,24.9
Males,55-59,1955,31.6
Males,60-64,1955,35.4
Males,65-69,1955,48.1
Males,70-74,1955,45.9
Males,75-79,1955,45.9
Males,80-84,1955,35.2
Males,85+,1955,28.0
Females,15-19,1955,1.0
Females,20-24,1955,1.4
Females,25-29,1955,4.5
Females,30-34,1955,7.3
Females,35-39,1955,8.5
Females,40-44,1955,7.9
Females,45-49,1955,10.6
Females,50-54,1955,16.2
Females,55-59,1955,12.1
Females,60-64,1955,12.1
Females,65-69,1955,7.8
Females,70-74,1955,8.4
Females,75-79,1955,5.2
Females,80-84,1955,4.9
Females,85+,1955,4.3
Males,15-19,1956,2.5
Males,20-24,1956,9.3
Males,25-29,1956,19.2
Males,30-34,1956,20.9
Males,35-39,1956,18.0
Males,40-44,1956,22.9
Males,45-49,1956,26.3
Males,50-54,1956,29.4
Males,55-59,1956,30.8
Males,60-64,1956,38.9
Males,65-69,1956,37.2
Males,70-74,1956,39.6
Males,75-79,1956,49.2
Males,80-84,1956,24.5
Males,85+,1956,20.4
Females,15-19,1956,1.9
Females,20-24,1956,3.9
Females,25-29,1956,2.7
Females,30-34,1956,8.1
Females,35-39,1956,8.9
Females,40-44,1956,8.1
Females,45-49,1956,12.0
Females,50-54,1956,12.1
Females,55-59,1956,10.1
Females,60-64,1956,9.0
Females,65-69,1956,17.0
Females,70-74,1956,9.8
Females,75-79,1956,14.9
Females,80-84,1956,7.1
Females,85+,1956,4.2
Males,15-19,1957,5.3
Males,20-24,1957,11.3
Males,25-29,1957,15.7
Males,30-34,1957,18.1
Males,35-39,1957,25.8
Males,40-44,1957,24.3
Males,45-49,1957,31.7
Males,50-54,1957,36.2
Males,55-59,1957,38.8
Males,60-64,1957,42.0
Males,65-69,1957,35.3
Males,70-74,1957,35.5
Males,75-79,1957,41.1
Males,80-84,1957,51.5
Males,85+,1957,34.5
Females,15-19,1957,1.5
Females,20-24,1957,3.8
Females,25-29,1957,6.1
Females,30-34,1957,6.7
Females,35-39,1957,8.6
Females,40-44,1957,8.6
Females,45-49,1957,16.5
Females,50-54,1957,12.6
Females,55-59,1957,17.8
Females,60-64,1957,16.4
Females,65-69,1957,15.4
Females,70-74,1957,17.2
Females,75-79,1957,8.4
Females,80-84,1957,4.6
Females,85+,1957,4.1
Males,15-19,1958,5.1
Males,20-24,1958,17.0
Males,25-29,1958,20.1
Males,30-34,1958,24.0
Males,35-39,1958,24.0
Males,40-44,1958,23.1
Males,45-49,1958,37.9
Males,50-54,1958,35.0
Males,55-59,1958,30.4
Males,60-64,1958,36.5
Males,65-69,1958,43.0
Males,70-74,1958,43.4
Males,75-79,1958,28.9
Males,80-84,1958,66.0
Males,85+,1958,49.0
Females,15-19,1958,3.0
Females,20-24,1958,4.6
Females,25-29,1958,4.7
Females,30-34,1958,7.6
Females,35-39,1958,7.7
Females,40-44,1958,8.9
Females,45-49,1958,12.6
Females,50-54,1958,15.4
Females,55-59,1958,12.2
Females,60-64,1958,12.8
Females,65-69,1958,13.4
Females,70-74,1958,11.9
Females,75-79,1958,4.6
Females,80-84,1958,0.0
Females,85+,1958,8.0
Males,15-19,1959,5.4
Males,20-24,1959,10.2
Males,25-29,1959,17.7
Males,30-34,1959,21.8
Males,35-39,1959,22.3
Males,40-44,1959,22.7
Males,45-49,1959,27.0
Males,50-54,1959,28.5
Males,55-59,1959,39.8
Males,60-64,1959,31.6
Males,65-69,1959,49.5
Males,70-74,1959,29.4
Males,75-79,1959,35.8
Males,80-84,1959,39.2
Males,85+,1959,34.0
Females,15-19,1959,2.0
Females,20-24,1959,1.9
Females,25-29,1959,3.2
Females,30-34,1959,7.0
Females,35-39,1959,9.4
Females,40-44,1959,9.0
Females,45-49,1959,15.3
Females,50-54,1959,18.0
Females,55-59,1959,11.2
Females,60-64,1959,10.8
Females,65-69,1959,11.0
Females,70-74,1959,4.3
Females,75-79,1959,9.0
Females,80-84,1959,4.2
Females,85+,1959,3.9
Males,15-19,1960,4.3
Males,20-24,1960,9.6
Males,25-29,1960,16.1
Males,30-34,1960,20.3
Males,35-39,1960,22.3
Males,40-44,1960,22.6
Males,45-49,1960,26.8
Males,50-54,1960,27.4
Males,55-59,1960,27.2
Males,60-64,1960,31.8
Males,65-69,1960,43.5
Males,70-74,1960,31.3
Males,75-79,1960,33.1
Males,80-84,1960,28.2
Males,85+,1960,32.7
Females,15-19,1960,1.1
Females,20-24,1960,3.1
Females,25-29,1960,6.4
Females,30-34,1960,4.8
Females,35-39,1960,8.4
Females,40-44,1960,10.8
Females,45-49,1960,13.2
Females,50-54,1960,12.6
Females,55-59,1960,16.5
Females,60-64,1960,16.5
Females,65-69,1960,10.9
Females,70-74,1960,11.1
Females,75-79,1960,8.7
Females,80-84,1960,11.8
Females,85+,1960,3.7
Males,15-19,1961,5.5
Males,20-24,1961,12.8
Males,25-29,1961,15.8
Males,30-34,1961,17.6
Males,35-39,1961,21.1
Males,40-44,1961,30.8
Males,45-49,1961,32.8
Males,50-54,1961,39.4
Males,55-59,1961,40.4
Males,60-64,1961,33.2
Males,65-69,1961,40.9
Males,70-74,1961,35.9
Males,75-79,1961,31.9
Males,80-84,1961,12.0
Males,85+,1961,25.3
Females,15-19,1961,2.0
Females,20-24,1961,4.5
Females,25-29,1961,7.7
Females,30-34,1961,9.4
Females,35-39,1961,9.4
Females,40-44,1961,10.2
Females,45-49,1961,10.2
Females,50-54,1961,13.2
Females,55-59,1961,18.1
Females,60-64,1961,16.3
Females,65-69,1961,16.7
Females,70-74,1961,10.2
Females,75-79,1961,3.1
Females,80-84,1961,5.6
Females,85+,1961,7.2
Males,15-19,1962,4.9
Males,20-24,1962,13.6
Males,25-29,1962,22.7
Males,30-34,1962,24.6
Males,35-39,1962,26.4
Males,40-44,1962,32.3
Males,45-49,1962,33.2
Males,50-54,1962,39.0
Males,55-59,1962,42.0
Males,60-64,1962,39.0
Males,65-69,1962,38.3
Males,70-74,1962,30.2
Males,75-79,1962,33.7
Males,80-84,1962,43.7
Males,85+,1962,36.8
Females,15-19,1962,2.6
Females,20-24,1962,5.2
Females,25-29,1962,8.4
Females,30-34,1962,10.4
Females,35-39,1962,13.0
Females,40-44,1962,14.2
Females,45-49,1962,15.9
Females,50-54,1962,22.7
Females,55-59,1962,21.9
Females,60-64,1962,14.7
Females,65-69,1962,16.7
Females,70-74,1962,11.8
Females,75-79,1962,11.0
Females,80-84,1962,12.6
Females,85+,1962,3.4
Males,15-19,1963,7.5
Males,20-24,1963,19.1
Males,25-29,1963,26.6
Males,30-34,1963,28.2
Males,35-39,1963,30.5
Males,40-44,1963,30.2
Males,45-49,1963,41.7
Males,50-54,1963,39.0
Males,55-59,1963,37.5
Males,60-64,1963,42.3
Males,65-69,1963,44.3
Males,70-74,1963,35.3
Males,75-79,1963,36.6
Males,80-84,1963,60.5
Males,85+,1963,29.8
Females,15-19,1963,1.8
Females,20-24,1963,5.9
Females,25-29,1963,10.7
Females,30-34,1963,13.6
Females,35-39,1963,17.8
Females,40-44,1963,17.9
Females,45-49,1963,19.3
Females,50-54,1963,29.2
Females,55-59,1963,23.3
Females,60-64,1963,26.0
Females,65-69,1963,16.0
Females,70-74,1963,16.7
Females,75-79,1963,8.5
Females,80-84,1963,17.5
Females,85+,1963,0.0
Males,15-19,1964,5.8
Males,20-24,1964,16.4
Males,25-29,1964,19.5
Males,30-34,1964,29.2
Males,35-39,1964,26.4
Males,40-44,1964,34.7
Males,45-49,1964,33.7
Males,50-54,1964,38.7
Males,55-59,1964,34.4
Males,60-64,1964,40.8
Males,65-69,1964,38.5
Males,70-74,1964,36.7
Males,75-79,1964,39.3
Males,80-84,1964,38.9
Males,85+,1964,52.9
Females,15-19,1964,3.0
Females,20-24,1964,7.7
Females,25-29,1964,9.4
Females,30-34,1964,10.8
Females,35-39,1964,14.9
Females,40-44,1964,17.9
Females,45-49,1964,24.5
Females,50-54,1964,21.2
Females,55-59,1964,18.8
Females,60-64,1964,17.4
Females,65-69,1964,20.7
Females,70-74,1964,19.0
Females,75-79,1964,7.3
Females,80-84,1964,10.2
Females,85+,1964,9.1
Males,15-19,1965,5.8
Males,20-24,1965,16.7
Males,25-29,1965,21.8
Males,30-34,1965,24.6
Males,35-39,1965,28.9
Males,40-44,1965,31.5
Males,45-49,1965,32.8
Males,50-54,1965,40.4
Males,55-59,1965,34.6
Males,60-64,1965,33.0
Males,65-69,1965,43.8
Males,70-74,1965,41.6
Males,75-79,1965,37.1
Males,80-84,1965,29.7
Males,85+,1965,5.7
Females,15-19,1965,4.1
Females,20-24,1965,9.3
Females,25-29,1965,12.3
Females,30-34,1965,14.8
Females,35-39,1965,15.5
Females,40-44,1965,17.5
Females,45-49,1965,22.2
Females,50-54,1965,20.4
Females,55-59,1965,24.9
Females,60-64,1965,22.8
Females,65-69,1965,20.9
Females,70-74,1965,16.9
Females,75-79,1965,13.3
Females,80-84,1965,6.5
Females,85+,1965,5.7
Males,15-19,1966,5.9
Males,20-24,1966,12.9
Males,25-29,1966,18.2
Males,30-34,1966,20.2
Males,35-39,1966,24.9
Males,40-44,1966,29.9
Males,45-49,1966,29.5
Males,50-54,1966,37.2
Males,55-59,1966,36.9
Males,60-64,1966,30.6
Males,65-69,1966,43.9
Males,70-74,1966,36.4
Males,75-79,1966,42.9
Males,80-84,1966,46.8
Males,85+,1966,33.5
Females,15-19,1966,3.7
Females,20-24,1966,9.3
Females,25-29,1966,12.1
Females,30-34,1966,14.4
Females,35-39,1966,18.0
Females,40-44,1966,16.9
Females,45-49,1966,25.3
Females,50-54,1966,19.1
Females,55-59,1966,20.2
Females,60-64,1966,17.8
Females,65-69,1966,16.0
Females,70-74,1966,19.7
Females,75-79,1966,11.1
Females,80-84,1966,12.5
Females,85+,1966,10.8
Males,15-19,1967,6.0
Males,20-24,1967,16.0
Males,25-29,1967,23.8
Males,30-34,1967,26.1
Males,35-39,1967,28.3
Males,40-44,1967,34.3
Males,45-49,1967,30.4
Males,50-54,1967,33.3
Males,55-59,1967,35.1
Males,60-64,1967,38.7
Males,65-69,1967,45.3
Males,70-74,1967,36.6
Males,75-79,1967,46.4
Males,80-84,1967,32.9
Males,85+,1967,43.7
Females,15-19,1967,2.7
Females,20-24,1967,7.5
Females,25-29,1967,12.3
Females,30-34,1967,13.4
Females,35-39,1967,14.6
Females,40-44,1967,19.8
Females,45-49,1967,25.5
Females,50-54,1967,22.1
Females,55-59,1967,23.2
Females,60-64,1967,25.8
Females,65-69,1967,27.1
Females,70-74,1967,15.5
Females,75-79,1967,15.0
Females,80-84,1967,6.0
Females,85+,1967,7.9
Males,15-19,1968,9.0
Males,20-24,1968,12.4
Males,25-29,1968,15.8
Males,30-34,1968,22.3
Males,35-39,1968,26.4
Males,40-44,1968,28.0
Males,45-49,1968,27.3
Males,50-54,1968,29.7
Males,55-59,1968,41.6
Males,60-64,1968,32.8
Males,65-69,1968,29.0
Males,70-74,1968,37.1
Males,75-79,1968,44.1
Males,80-84,1968,34.2
Males,85+,1968,32.4
Females,15-19,1968,1.5
Females,20-24,1968,6.6
Females,25-29,1968,10.1
Females,30-34,1968,11.7
Females,35-39,1968,14.2
Females,40-44,1968,13.5
Females,45-49,1968,16.7
Females,50-54,1968,21.3
Females,55-59,1968,14.4
Females,60-64,1968,21.5
Females,65-69,1968,16.2
Females,70-74,1968,7.4
Females,75-79,1968,9.9
Females,80-84,1968,4.3
Females,85+,1968,12.8
Males,15-19,1969,5.4
Males,20-24,1969,16.6
Males,25-29,1969,21.8
Males,30-34,1969,21.0
Males,35-39,1969,25.4
Males,40-44,1969,32.5
Males,45-49,1969,29.4
Males,50-54,1969,26.9
Males,55-59,1969,24.8
Males,60-64,1969,28.1
Males,65-69,1969,37.9
Males,70-74,1969,34.4
Males,75-79,1969,33.5
Males,80-84,1969,30.8
Males,85+,1969,68.8
Females,15-19,1969,3.0
Females,20-24,1969,5.0
Females,25-29,1969,8.4
Females,30-34,1969,9.8
Females,35-39,1969,12.1
Females,40-44,1969,14.9
Females,45-49,1969,16.5
Females,50-54,1969,19.0
Females,55-59,1969,14.0
Females,60-64,1969,15.3
Females,65-69,1969,15.0
Females,70-74,1969,10.5
Females,75-79,1969,11.5
Females,80-84,1969,4.1
Females,85+,1969,7.4
Males,15-19,1970,8.4
Males,20-24,1970,16.7
Males,25-29,1970,20.7
Males,30-34,1970,19.5
Males,35-39,1970,24.1
Males,40-44,1970,27.9
Males,45-49,1970,29.5
Males,50-54,1970,39.0
Males,55-59,1970,34.3
Males,60-64,1970,27.6
Males,65-69,1970,28.6
Males,70-74,1970,35.2
Males,75-79,1970,44.4
Males,80-84,1970,28.2
Males,85+,1970,35.1
Females,15-19,1970,2.6
Females,20-24,1970,6.9
Females,25-29,1970,9.1
Females,30-34,1970,6.4
Females,35-39,1970,12.1
Females,40-44,1970,11.3
Females,45-49,1970,16.7
Females,50-54,1970,12.3
Females,55-59,1970,15.7
Females,60-64,1970,18.9
Females,65-69,1970,11.9
Females,70-74,1970,17.7
Females,75-79,1970,11.4
Females,80-84,1970,9.3
Females,85+,1970,4.6
Males,15-19,1971,13.0
Males,20-24,1971,18.4
Males,25-29,1971,19.7
Males,30-34,1971,20.9
Males,35-39,1971,25.7
Males,40-44,1971,24.5
Males,45-49,1971,31.2
Males,50-54,1971,37.4
Males,55-59,1971,27.7
Males,60-64,1971,29.3
Males,65-69,1971,31.1
Males,70-74,1971,35.4
Males,75-79,1971,38.5
Males,80-84,1971,36.5
Males,85+,1971,42.7
Females,15-19,1971,5.2
Females,20-24,1971,6.8
Females,25-29,1971,11.0
Females,30-34,1971,14.3
Females,35-39,1971,12.6
Females,40-44,1971,15.5
Females,45-49,1971,19.5
Females,50-54,1971,18.6
Females,55-59,1971,14.2
Females,60-64,1971,17.6
Females,65-69,1971,13.8
Females,70-74,1971,16.3
Females,75-79,1971,7.2
Females,80-84,1971,7.7
Females,85+,1971,4.4
Males,15-19,1972,8.3
Males,20-24,1972,20.0
Males,25-29,1972,17.4
Males,30-34,1972,19.5
Males,35-39,1972,24.7
Males,40-44,1972,27.1
Males,45-49,1972,31.1
Males,50-54,1972,28.6
Males,55-59,1972,30.4
Males,60-64,1972,21.8
Males,65-69,1972,31.3
Males,70-74,1972,26.5
Males,75-79,1972,47.6
Males,80-84,1972,27.0
Males,85+,1972,23.1
Females,15-19,1972,4.4
Females,20-24,1972,7.0
Females,25-29,1972,8.6
Females,30-34,1972,8.3
Females,35-39,1972,13.5
Females,40-44,1972,17.0
Females,45-49,1972,16.7
Females,50-54,1972,19.7
Females,55-59,1972,15.2
Females,60-64,1972,13.5
Females,65-69,1972,9.2
Females,70-74,1972,12.0
Females,75-79,1972,8.6
Females,80-84,1972,13.7
Females,85+,1972,0.0
Males,15-19,1973,8.0
Males,20-24,1973,21.2
Males,25-29,1973,15.0
Males,30-34,1973,15.7
Males,35-39,1973,23.5
Males,40-44,1973,26.0
Males,45-49,1973,30.3
Males,50-54,1973,24.3
Males,55-59,1973,24.7
Males,60-64,1973,26.1
Males,65-69,1973,31.9
Males,70-74,1973,29.2
Males,75-79,1973,36.0
Males,80-84,1973,22.4
Males,85+,1973,22.2
Females,15-19,1973,4.6
Females,20-24,1973,7.9
Females,25-29,1973,7.8
Females,30-34,1973,8.1
Females,35-39,1973,12.1
Females,40-44,1973,10.6
Females,45-49,1973,14.6
Females,50-54,1973,14.9
Females,55-59,1973,16.4
Females,60-64,1973,12.4
Females,65-69,1973,8.0
Females,70-74,1973,16.2
Females,75-79,1973,6.2
Females,80-84,1973,6.0
Females,85+,1973,4.0
Males,15-19,1974,11.2
Males,20-24,1974,20.4
Males,25-29,1974,15.8
Males,30-34,1974,16.6
Males,35-39,1974,19.7
Males,40-44,1974,24.2
Males,45-49,1974,30.4
Males,50-54,1974,27.0
Males,55-59,1974,23.6
Males,60-64,1974,25.7
Males,65-69,1974,29.6
Males,70-74,1974,32.8
Males,75-79,1974,34.2
Males,80-84,1974,38.1
Males,85+,1974,25.7
Females,15-19,1974,4.4
Females,20-24,1974,4.4
Females,25-29,1974,8.8
Females,30-34,1974,7.3
Females,35-39,1974,10.8
Females,40-44,1974,13.8
Females,45-49,1974,12.3
Females,50-54,1974,15.5
Females,55-59,1974,15.9
Females,60-64,1974,13.0
Females,65-69,1974,14.6
Females,70-74,1974,9.2
Females,75-79,1974,10.0
Females,80-84,1974,8.2
Females,85+,1974,5.6
Males,15-19,1975,8.9
Males,20-24,1975,18.7
Males,25-29,1975,19.8
Males,30-34,1975,19.7
Males,35-39,1975,19.8
Males,40-44,1975,24.7
Males,45-49,1975,24.8
Males,50-54,1975,22.7
Males,55-59,1975,25.2
Males,60-64,1975,21.1
Males,65-69,1975,27.4
Males,70-74,1975,31.6
Males,75-79,1975,31.0
Males,80-84,1975,34.0
Males,85+,1975,33.4
Females,15-19,1975,2.5
Females,20-24,1975,5.4
Females,25-29,1975,7.0
Females,30-34,1975,8.5
Females,35-39,1975,10.2
Females,40-44,1975,14.8
Females,45-49,1975,16.5
Females,50-54,1975,13.2
Females,55-59,1975,16.6
Females,60-64,1975,9.3
Females,65-69,1975,10.4
Females,70-74,1975,9.7
Females,75-79,1975,10.3
Females,80-84,1975,4.6
Females,85+,1975,1.8
Males,15-19,1976,10.1
Males,20-24,1976,20.1
Males,25-29,1976,19.7
Males,30-34,1976,21.5
Males,35-39,1976,23.5
Males,40-44,1976,23.9
Males,45-49,1976,25.3
Males,50-54,1976,25.2
Males,55-59,1976,23.3
Males,60-64,1976,19.9
Males,65-69,1976,28.0
Males,70-74,1976,34.8
Males,75-79,1976,25.9
Males,80-84,1976,22.7
Males,85+,1976,36.1
Females,15-19,1976,2.6
Females,20-24,1976,5.5
Females,25-29,1976,4.3
Females,30-34,1976,7.8
Females,35-39,1976,5.9
Females,40-44,1976,9.1
Females,45-49,1976,13.5
Females,50-54,1976,14.1
Females,55-59,1976,13.4
Females,60-64,1976,10.8
Females,65-69,1976,7.3
Females,70-74,1976,9.0
Females,75-79,1976,7.8
Females,80-84,1976,5.6
Females,85+,1976,3.4
Males,15-19,1977,10.9
Males,20-24,1977,20.3
Males,25-29,1977,21.1
Males,30-34,1977,18.2
Males,35-39,1977,19.7
Males,40-44,1977,26.6
Males,45-49,1977,29.1
Males,50-54,1977,30.3
Males,55-59,1977,18.4
Males,60-64,1977,22.6
Males,65-69,1977,27.6
Males,70-74,1977,32.3
Males,75-79,1977,18.5
Males,80-84,1977,27.3
Males,85+,1977,39.2
Females,15-19,1977,3.2
Females,20-24,1977,5.4
Females,25-29,1977,6.6
Females,30-34,1977,6.3
Females,35-39,1977,10.0
Females,40-44,1977,10.8
Females,45-49,1977,14.1
Females,50-54,1977,10.5
Females,55-59,1977,12.9
Females,60-64,1977,12.4
Females,65-69,1977,9.7
Females,70-74,1977,6.2
Females,75-79,1977,6.3
Females,80-84,1977,8.9
Females,85+,1977,6.4
Males,15-19,1978,10.3
Males,20-24,1978,25.0
Males,25-29,1978,23.8
Males,30-34,1978,18.6
Males,35-39,1978,22.8
Males,40-44,1978,21.4
Males,45-49,1978,23.9
Males,50-54,1978,22.9
Males,55-59,1978,23.8
Males,60-64,1978,22.3
Males,65-69,1978,20.0
Males,70-74,1978,25.0
Males,75-79,1978,29.3
Males,80-84,1978,22.3
Males,85+,1978,30.6
Females,15-19,1978,3.8
Females,20-24,1978,6.4
Females,25-29,1978,7.2
Females,30-34,1978,7.4
Females,35-39,1978,9.6
Females,40-44,1978,10.3
Females,45-49,1978,14.8
Females,50-54,1978,11.2
Females,55-59,1978,11.6
Females,60-64,1978,12.1
Females,65-69,1978,11.3
Females,70-74,1978,8.9
Females,75-79,1978,7.5
Females,80-84,1978,7.6
Females,85+,1978,3.1
Males,15-19,1979,12.7
Males,20-24,1979,23.7
Males,25-29,1979,22.6
Males,30-34,1979,23.3
Males,35-39,1979,21.4
Males,40-44,1979,25.5
Males,45-49,1979,29.0
Males,50-54,1979,25.1
Males,55-59,1979,23.7
Males,60-64,1979,22.9
Males,65-69,1979,20.1
Males,70-74,1979,26.1
Males,75-79,1979,14.0
Males,80-84,1979,21.9
Males,85+,1979,33.9
Females,15-19,1979,3.6
Females,20-24,1979,7.9
Females,25-29,1979,7.9
Females,30-34,1979,6.9
Females,35-39,1979,8.6
Females,40-44,1979,9.8
Females,45-49,1979,11.2
Females,50-54,1979,14.2
Females,55-59,1979,11.8
Females,60-64,1979,13.2
Females,65-69,1979,9.8
Females,70-74,1979,12.0
Females,75-79,1979,5.3
Females,80-84,1979,6.5
Females,85+,1979,1.5
Males,15-19,1980,9.9
Males,20-24,1980,25.3
Males,25-29,1980,22.8
Males,30-34,1980,22.3
Males,35-39,1980,22.0
Males,40-44,1980,25.6
Males,45-49,1980,24.5
Males,50-54,1980,20.4
Males,55-59,1980,25.4
Males,60-64,1980,22.3
Males,65-69,1980,22.8
Males,70-74,1980,21.2
Males,75-79,1980,30.3
Males,80-84,1980,32.5
Males,85+,1980,36.6
Females,15-19,1980,2.3
Females,20-24,1980,6.6
Females,25-29,1980,7.3
Females,30-34,1980,6.4
Females,35-39,1980,9.5
Females,40-44,1980,10.1
Females,45-49,1980,9.7
Females,50-54,1980,8.7
Females,55-59,1980,9.7
Females,60-64,1980,5.5
Females,65-69,1980,7.4
Females,70-74,1980,6.5
Females,75-79,1980,7.9
Females,80-84,1980,13.3
Females,85+,1980,5.6
Males,15-19,1981,10.9
Males,20-24,1981,25.2
Males,25-29,1981,22.5
Males,30-34,1981,21.1
Males,35-39,1981,20.8
Males,40-44,1981,26.7
Males,45-49,1981,23.9
Males,50-54,1981,25.5
Males,55-59,1981,25.1
Males,60-64,1981,23.6
Males,65-69,1981,28.0
Males,70-74,1981,25.0
Males,75-79,1981,25.4
Males,80-84,1981,42.3
Males,85+,1981,36.0
Females,15-19,1981,2.4
Females,20-24,1981,6.4
Females,25-29,1981,5.9
Females,30-34,1981,5.8
Females,35-39,1981,8.0
Females,40-44,1981,9.1
Females,45-49,1981,11.7
Females,50-54,1981,11.1
Females,55-59,1981,10.8
Females,60-64,1981,6.8
Females,65-69,1981,8.7
Females,70-74,1981,7.5
Females,75-79,1981,8.4
Females,80-84,1981,5.9
Females,85+,1981,2.7
Males,15-19,1982,10.5
Males,20-24,1982,28.0
Males,25-29,1982,29.4
Males,30-34,1982,20.3
Males,35-39,1982,19.7
Males,40-44,1982,20.7
Males,45-49,1982,23.7
Males,50-54,1982,19.9
Males,55-59,1982,23.8
Males,60-64,1982,25.3
Males,65-69,1982,29.7
Males,70-74,1982,25.6
Males,75-79,1982,40.6
Males,80-84,1982,36.4
Males,85+,1982,42.2
Females,15-19,1982,1.7
Females,20-24,1982,4.7
Females,25-29,1982,9.0
Females,30-34,1982,5.1
Females,35-39,1982,8.2
Females,40-44,1982,8.5
Females,45-49,1982,11.0
Females,50-54,1982,14.2
Females,55-59,1982,9.9
Females,60-64,1982,12.4
Females,65-69,1982,8.6
Females,70-74,1982,12.4
Females,75-79,1982,11.2
Females,80-84,1982,4.8
Females,85+,1982,3.9
Males,15-19,1983,9.3
Males,20-24,1983,27.3
Males,25-29,1983,26.5
Males,30-34,1983,21.8
Males,35-39,1983,19.2
Males,40-44,1983,19.5
Males,45-49,1983,19.1
Males,50-54,1983,23.4
Males,55-59,1983,23.5
Males,60-64,1983,25.7
Males,65-69,1983,27.4
Males,70-74,1983,32.0
Males,75-79,1983,36.4
Males,80-84,1983,41.5
Males,85+,1983,44.8
Females,15-19,1983,1.9
Females,20-24,1983,4.8
Females,25-29,1983,6.8
Females,30-34,1983,6.0
Females,35-39,1983,7.3
Females,40-44,1983,6.7
Females,45-49,1983,8.8
Females,50-54,1983,10.3
Females,55-59,1983,10.7
Females,60-64,1983,10.5
Females,65-69,1983,8.9
Females,70-74,1983,8.3
Females,75-79,1983,9.5
Females,80-84,1983,11.1
Females,85+,1983,1.2
Males,15-19,1984,10.3
Males,20-24,1984,26.9
Males,25-29,1984,22.4
Males,30-34,1984,25.5
Males,35-39,1984,19.1
Males,40-44,1984,21.2
Males,45-49,1984,20.0
Males,50-54,1984,25.3
Males,55-59,1984,24.6
Males,60-64,1984,23.5
Males,65-69,1984,25.7
Males,70-74,1984,23.1
Males,75-79,1984,30.7
Males,80-84,1984,24.5
Males,85+,1984,39.7
Females,15-19,1984,2.4
Females,20-24,1984,6.3
Females,25-29,1984,6.3
Females,30-34,1984,6.8
Females,35-39,1984,7.1
Females,40-44,1984,6.2
Females,45-49,1984,12.4
Females,50-54,1984,8.6
Females,55-59,1984,8.8
Females,60-64,1984,7.6
Females,65-69,1984,6.9
Females,70-74,1984,5.9
Females,75-79,1984,7.4
Females,80-84,1984,3.5
Females,85+,1984,4.8
Males,15-19,1985,16.6
Males,20-24,1985,31.2
Males,25-29,1985,30.3
Males,30-34,1985,22.8
Males,35-39,1985,19.5
Males,40-44,1985,26.0
Males,45-49,1985,22.1
Males,50-54,1985,20.5
Males,55-59,1985,22.1
Males,60-64,1985,21.5
Males,65-69,1985,21.3
Males,70-74,1985,28.8
Males,75-79,1985,21.4
Males,80-84,1985,26.8
Males,85+,1985,49.4
Females,15-19,1985,3.6
Females,20-24,1985,6.2
Females,25-29,1985,6.1
Females,30-34,1985,3.2
Females,35-39,1985,7.1
Females,40-44,1985,4.9
Females,45-49,1985,9.8
Females,50-54,1985,7.5
Females,55-59,1985,8.6
Females,60-64,1985,8.0
Females,65-69,1985,7.2
Females,70-74,1985,8.1
Females,75-79,1985,11.4
Females,80-84,1985,8.7
Females,85+,1985,6.8
Males,15-19,1986,13.2
Males,20-24,1986,29.2
Males,25-29,1986,28.6
Males,30-34,1986,28.0
Males,35-39,1986,21.7
Males,40-44,1986,25.8
Males,45-49,1986,22.6
Males,50-54,1986,23.6
Males,55-59,1986,25.5
Males,60-64,1986,23.6
Males,65-69,1986,23.3
Males,70-74,1986,32.0
Males,75-79,1986,38.4
Males,80-84,1986,37.7
Males,85+,1986,28.8
Females,15-19,1986,3.0
Females,20-24,1986,7.8
Females,25-29,1986,6.7
Females,30-34,1986,5.8
Females,35-39,1986,7.7
Females,40-44,1986,7.3
Females,45-49,1986,11.2
Females,50-54,1986,10.3
Females,55-59,1986,8.9
Females,60-64,1986,7.6
Females,65-69,1986,7.6
Females,70-74,1986,7.6
Females,75-79,1986,7.8
Females,80-84,1986,4.2
Females,85+,1986,5.3
Males,15-19,1987,17.2
Males,20-24,1987,31.9
Males,25-29,1987,31.0
Males,30-34,1987,26.5
Males,35-39,1987,26.9
Males,40-44,1987,29.2
Males,45-49,1987,24.6
Males,50-54,1987,31.2
Males,55-59,1987,34.4
Males,60-64,1987,24.5
Males,65-69,1987,23.3
Males,70-74,1987,35.7
Males,75-79,1987,39.2
Males,80-84,1987,56.8
Males,85+,1987,46.9
Females,15-19,1987,6.2
Females,20-24,1987,5.8
Females,25-29,1987,6.4
Females,30-34,1987,5.7
Females,35-39,1987,7.4
Females,40-44,1987,7.7
Females,45-49,1987,8.5
Females,50-54,1987,8.7
Females,55-59,1987,10.1
Females,60-64,1987,7.3
Females,65-69,1987,9.8
Females,70-74,1987,9.0
Females,75-79,1987,9.1
Females,80-84,1987,8.1
Females,85+,1987,3.1
Males,15-19,1988,21.0
Males,20-24,1988,35.2
Males,25-29,1988,29.8
Males,30-34,1988,26.7
Males,35-39,1988,23.9
Males,40-44,1988,28.3
Males,45-49,1988,25.4
Males,50-54,1988,23.4
Males,55-59,1988,22.4
Males,60-64,1988,25.2
Males,65-69,1988,24.3
Males,70-74,1988,32.4
Males,75-79,1988,41.2
Males,80-84,1988,31.2
Males,85+,1988,52.8
Females,15-19,1988,3.8
Females,20-24,1988,5.2
Females,25-29,1988,6.2
Females,30-34,1988,8.2
Females,35-39,1988,7.9
Females,40-44,1988,7.0
Females,45-49,1988,8.3
Females,50-54,1988,8.2
Females,55-59,1988,7.2
Females,60-64,1988,10.3
Females,65-69,1988,7.0
Females,70-74,1988,7.8
Females,75-79,1988,7.3
Females,80-84,1988,14.7
Females,85+,1988,10.0
Males,15-19,1989,18.4
Males,20-24,1989,29.7
Males,25-29,1989,32.3
Males,30-34,1989,27.6
Males,35-39,1989,24.7
Males,40-44,1989,20.0
Males,45-49,1989,24.3
Males,50-54,1989,23.4
Males,55-59,1989,25.9
Males,60-64,1989,19.7
Males,65-69,1989,23.1
Males,70-74,1989,32.5
Males,75-79,1989,34.7
Males,80-84,1989,29.8
Males,85+,1989,42.5
Females,15-19,1989,1.9
Females,20-24,1989,5.0
Females,25-29,1989,6.9
Females,30-34,1989,6.8
Females,35-39,1989,5.4
Females,40-44,1989,8.1
Females,45-49,1989,6.1
Females,50-54,1989,8.2
Females,55-59,1989,8.0
Females,60-64,1989,8.9
Females,65-69,1989,10.5
Females,70-74,1989,8.3
Females,75-79,1989,7.0
Females,80-84,1989,6.7
Females,85+,1989,8.7
Males,15-19,1990,17.8
Males,20-24,1990,36.5
Males,25-29,1990,32.8
Males,30-34,1990,25.3
Males,35-39,1990,26.1
Males,40-44,1990,24.8
Males,45-49,1990,20.9
Males,50-54,1990,22.1
Males,55-59,1990,26.7
Males,60-64,1990,22.8
Males,65-69,1990,25.2
Males,70-74,1990,27.5
Males,75-79,1990,25.2
Males,80-84,1990,35.9
Males,85+,1990,50.5
Females,15-19,1990,5.0
Females,20-24,1990,3.9
Females,25-29,1990,5.9
Females,30-34,1990,8.1
Females,35-39,1990,5.3
Females,40-44,1990,6.5
Females,45-49,1990,7.1
Females,50-54,1990,6.5
Females,55-59,1990,6.7
Females,60-64,1990,5.7
Females,65-69,1990,7.7
Females,70-74,1990,8.1
Females,75-79,1990,7.7
Females,80-84,1990,10.0
Females,85+,1990,7.6
Males,15-19,1991,19.0
Males,20-24,1991,34.4
Males,25-29,1991,29.3
Males,30-34,1991,30.4
Males,35-39,1991,34.2
Males,40-44,1991,26.4
Males,45-49,1991,25.1
Males,50-54,1991,27.4
Males,55-59,1991,22.9
Males,60-64,1991,19.6
Males,65-69,1991,21.2
Males,70-74,1991,24.9
Males,75-79,1991,32.7
Males,80-84,1991,49.8
Males,85+,1991,36.2
Females,15-19,1991,3.2
Females,20-24,1991,9.4
Females,25-29,1991,8.0
Females,30-34,1991,6.7
Females,35-39,1991,6.8
Females,40-44,1991,8.0
Females,45-49,1991,8.0
Females,50-54,1991,7.5
Females,55-59,1991,11.2
Females,60-64,1991,8.9
Females,65-69,1991,5.7
Females,70-74,1991,7.8
Females,75-79,1991,8.0
Females,80-84,1991,8.9
Females,85+,1991,7.3
Males,15-19,1992,18.5
Males,20-24,1992,35.0
Males,25-29,1992,32.6
Males,30-34,1992,28.3
Males,35-39,1992,26.8
Males,40-44,1992,23.0
Males,45-49,1992,27.8
Males,50-54,1992,23.3
Males,55-59,1992,21.4
Males,60-64,1992,24.8
Males,65-69,1992,25.6
Males,70-74,1992,29.7
Males,75-79,1992,29.0
Males,80-84,1992,28.3
Males,85+,1992,40.2
Females,15-19,1992,4.8
Females,20-24,1992,6.5
Females,25-29,1992,6.1
Females,30-34,1992,8.0
Females,35-39,1992,6.6
Females,40-44,1992,7.8
Females,45-49,1992,6.1
Females,50-54,1992,6.8
Females,55-59,1992,7.6
Females,60-64,1992,6.6
Females,65-69,1992,6.8
Females,70-74,1992,7.2
Females,75-79,1992,10.0
Females,80-84,1992,5.3
Females,85+,1992,7.8
Males,15-19,1993,16.8
Males,20-24,1993,32.1
Males,25-29,1993,29.3
Males,30-34,1993,28.2
Males,35-39,1993,22.2
Males,40-44,1993,20.5
Males,45-49,1993,25.9
Males,50-54,1993,20.4
Males,55-59,1993,21.9
Males,60-64,1993,24.1
Males,65-69,1993,22.5
Males,70-74,1993,24.4
Males,75-79,1993,23.3
Males,80-84,1993,36.5
Males,85+,1993,43.8
Females,15-19,1993,3.0
Females,20-24,1993,5.1
Females,25-29,1993,5.6
Females,30-34,1993,5.5
Females,35-39,1993,7.7
Females,40-44,1993,4.2
Females,45-49,1993,7.5
Females,50-54,1993,6.5
Females,55-59,1993,5.1
Females,60-64,1993,5.0
Females,65-69,1993,5.6
Females,70-74,1993,6.3
Females,75-79,1993,7.0
Females,80-84,1993,8.9
Females,85+,1993,2.5
Males,15-19,1994,18.7
Males,20-24,1994,34.6
Males,25-29,1994,30.1
Males,30-34,1994,28.5
Males,35-39,1994,25.1
Males,40-44,1994,27.4
Males,45-49,1994,24.4
Males,50-54,1994,25.3
Males,55-59,1994,23.2
Males,60-64,1994,23.1
Males,65-69,1994,22.9
Males,70-74,1994,24.7
Males,75-79,1994,27.6
Males,80-84,1994,33.6
Males,85+,1994,41.4
Females,15-19,1994,2.7
Females,20-24,1994,5.7
Females,25-29,1994,6.4
Females,30-34,1994,5.7
Females,35-39,1994,7.9
Females,40-44,1994,6.7
Females,45-49,1994,6.4
Females,50-54,1994,6.6
Females,55-59,1994,6.0
Females,60-64,1994,6.7
Females,65-69,1994,4.0
Females,70-74,1994,5.7
Females,75-79,1994,7.0
Females,80-84,1994,7.2
Females,85+,1994,7.1
Males,15-19,1995,15.1
Males,20-24,1995,34.9
Males,25-29,1995,34.3
Males,30-34,1995,32.8
Males,35-39,1995,31.0
Males,40-44,1995,24.4
Males,45-49,1995,24.3
Males,50-54,1995,23.5
Males,55-59,1995,26.7
Males,60-64,1995,19.6
Males,65-69,1995,18.9
Males,70-74,1995,20.1
Males,75-79,1995,23.1
Males,80-84,1995,33.3
Males,85+,1995,40.6
Females,15-19,1995,4.7
Females,20-24,1995,7.8
Females,25-29,1995,7.2
Females,30-34,1995,6.9
Females,35-39,1995,7.0
Females,40-44,1995,8.1
Females,45-49,1995,7.8
Females,50-54,1995,8.6
Females,55-59,1995,7.9
Females,60-64,1995,5.3
Females,65-69,1995,6.5
Females,70-74,1995,4.4
Females,75-79,1995,5.6
Females,80-84,1995,8.7
Females,85+,1995,3.0
Males,15-19,1996,17.5
Males,20-24,1996,33.6
Males,25-29,1996,33.4
Males,30-34,1996,31.9
Males,35-39,1996,32.3
Males,40-44,1996,26.6
Males,45-49,1996,23.2
Males,50-54,1996,22.3
Males,55-59,1996,22.3
Males,60-64,1996,25.0
Males,65-69,1996,20.3
Males,70-74,1996,24.7
Males,75-79,1996,29.1
Males,80-84,1996,39.9
Males,85+,1996,30.0
Females,15-19,1996,4.2
Females,20-24,1996,4.4
Females,25-29,1996,7.0
Females,30-34,1996,6.5
Females,35-39,1996,8.9
Females,40-44,1996,6.7
Females,45-49,1996,7.8
Females,50-54,1996,7.7
Females,55-59,1996,5.2
Females,60-64,1996,5.4
Females,65-69,1996,4.2
Females,70-74,1996,7.1
Females,75-79,1996,5.8
Females,80-84,1996,4.6
Females,85+,1996,3.5
Males,15-19,1997,18.8
Males,20-24,1997,43.1
Males,25-29,1997,40.7
Males,30-34,1997,34.8
Males,35-39,1997,29.3
Males,40-44,1997,31.6
Males,45-49,1997,23.6
Males,50-54,1997,25.4
Males,55-59,1997,22.7
Males,60-64,1997,22.2
Males,65-69,1997,22.9
Males,70-74,1997,24.6
Males,75-79,1997,36.0
Males,80-84,1997,34.2
Males,85+,1997,40.9
Females,15-19,1997,5.3
Females,20-24,1997,9.0
Females,25-29,1997,8.2
Females,30-34,1997,7.9
Females,35-39,1997,8.7
Females,40-44,1997,8.4
Females,45-49,1997,7.0
Females,50-54,1997,9.5
Females,55-59,1997,7.6
Females,60-64,1997,6.6
Females,65-69,1997,7.1
Females,70-74,1997,6.7
Females,75-79,1997,8.2
Females,80-84,1997,6.1
Females,85+,1997,6.1
Males,15-19,1998,17.7
Males,20-24,1998,37.2
Males,25-29,1998,43.2
Males,30-34,1998,39.6
Males,35-39,1998,36.8
Males,40-44,1998,29.8
Males,45-49,1998,25.6
Males,50-54,1998,25.0
Males,55-59,1998,19.7
Males,60-64,1998,20.3
Males,65-69,1998,26.1
Males,70-74,1998,17.1
Males,75-79,1998,21.0
Males,80-84,1998,30.0
Males,85+,1998,32.4
Females,15-19,1998,5.6
Females,20-24,1998,7.3
Females,25-29,1998,7.7
Females,30-34,1998,7.5
Females,35-39,1998,10.3
Females,40-44,1998,8.3
Females,45-49,1998,5.1
Females,50-54,1998,6.8
Females,55-59,1998,7.0
Females,60-64,1998,6.2
Females,65-69,1998,5.8
Females,70-74,1998,6.4
Females,75-79,1998,6.4
Females,80-84,1998,8.3
Females,85+,1998,4.5
Males,15-19,1999,14.7
Males,20-24,1999,32.4
Males,25-29,1999,37.5
Males,30-34,1999,33.7
Males,35-39,1999,30.0
Males,40-44,1999,28.9
Males,45-49,1999,25.1
Males,50-54,1999,24.1
Males,55-59,1999,21.9
Males,60-64,1999,19.3
Males,65-69,1999,19.0
Males,70-74,1999,26.3
Males,75-79,1999,25.6
Males,80-84,1999,33.9
Males,85+,1999,40.1
Females,15-19,1999,4.3
Females,20-24,1999,6.9
Females,25-29,1999,7.6
Females,30-34,1999,8.6
Females,35-39,1999,6.4
Females,40-44,1999,7.9
Females,45-49,1999,8.6
Females,50-54,1999,6.7
Females,55-59,1999,4.4
Females,60-64,1999,5.8
Females,65-69,1999,4.9
Females,70-74,1999,3.6
Females,75-79,1999,3.6
Females,80-84,1999,4.4
Females,85+,1999,3.0
Males,15-19,2000,13.2
Males,20-24,2000,26.9
Males,25-29,2000,32.8
Males,30-34,2000,34.2
Males,35-39,2000,31.4
Males,40-44,2000,29.3
Males,45-49,2000,23.1
Males,50-54,2000,22.0
Males,55-59,2000,16.4
Males,60-64,2000,16.6
Males,65-69,2000,17.3
Males,70-74,2000,21.5
Males,75-79,2000,22.9
Males,80-84,2000,22.8
Males,85+,2000,46.7
Females,15-19,2000,6.4
Females,20-24,2000,5.4
Females,25-29,2000,7.9
Females,30-34,2000,6.9
Females,35-39,2000,8.9
Females,40-44,2000,9.0
Females,45-49,2000,5.1
Females,50-54,2000,5.3
Females,55-59,2000,6.2
Females,60-64,2000,5.6
Females,65-69,2000,5.8
Females,70-74,2000,6.3
Females,75-79,2000,4.5
Females,80-84,2000,5.8
Females,85+,2000,3.4
Males,15-19,2001,13.9
Males,20-24,2001,27.7
Males,25-29,2001,32.6
Males,30-34,2001,36.0
Males,35-39,2001,32.6
Males,40-44,2001,28.4
Males,45-49,2001,25.5
Males,50-54,2001,21.6
Males,55-59,2001,20.0
Males,60-64,2001,18.0
Males,65-69,2001,18.9
Males,70-74,2001,21.2
Males,75-79,2001,20.4
Males,80-84,2001,27.5
Males,85+,2001,32.0
Females,15-19,2001,3.8
Females,20-24,2001,6.0
Females,25-29,2001,7.9
Females,30-34,2001,7.2
Females,35-39,2001,9.0
Females,40-44,2001,7.2
Females,45-49,2001,7.2
Females,50-54,2001,8.9
Females,55-59,2001,5.7
Females,60-64,2001,4.9
Females,65-69,2001,3.8
Females,70-74,2001,6.0
Females,75-79,2001,5.2
Females,80-84,2001,5.5
Females,85+,2001,6.6
Males,15-19,2002,14.1
Males,20-24,2002,24.5
Males,25-29,2002,31.4
Males,30-34,2002,31.0
Males,35-39,2002,30.5
Males,40-44,2002,28.0
Males,45-49,2002,23.3
Males,50-54,2002,22.2
Males,55-59,2002,15.4
Males,60-64,2002,17.5
Males,65-69,2002,18.7
Males,70-74,2002,16.9
Males,75-79,2002,21.2
Males,80-84,2002,18.4
Males,85+,2002,34.3
Females,15-19,2002,4.1
Females,20-24,2002,4.5
Females,25-29,2002,6.9
Females,30-34,2002,7.4
Females,35-39,2002,6.5
Females,40-44,2002,9.8
Females,45-49,2002,7.4
Females,50-54,2002,6.7
Females,55-59,2002,6.6
Females,60-64,2002,5.0
Females,65-69,2002,4.3
Females,70-74,2002,4.5
Females,75-79,2002,3.4
Females,80-84,2002,6.2
Females,85+,2002,8.0
Males,15-19,2003,12.8
Males,20-24,2003,23.6
Males,25-29,2003,26.6
Males,30-34,2003,30.4
Males,35-39,2003,25.7
Males,40-44,2003,26.1
Males,45-49,2003,27.0
Males,50-54,2003,17.3
Males,55-59,2003,15.2
Males,60-64,2003,15.2
Males,65-69,2003,18.0
Males,70-74,2003,21.7
Males,75-79,2003,22.7
Males,80-84,2003,18.8
Males,85+,2003,32.1
Females,15-19,2003,3.6
Females,20-24,2003,3.8
Females,25-29,2003,6.1
Females,30-34,2003,9.2
Females,35-39,2003,7.8
Females,40-44,2003,5.9
Females,45-49,2003,8.1
Females,50-54,2003,5.5
Females,55-59,2003,6.5
Females,60-64,2003,5.1
Females,65-69,2003,5.5
Females,70-74,2003,4.0
Females,75-79,2003,4.7
Females,80-84,2003,1.8
Females,85+,2003,2.6
Males,15-19,2004,7.6
Males,20-24,2004,20.3
Males,25-29,2004,25.5
Males,30-34,2004,29.5
Males,35-39,2004,24.1
Males,40-44,2004,27.4
Males,45-49,2004,18.5
Males,50-54,2004,19.3
Males,55-59,2004,14.9
Males,60-64,2004,17.3
Males,65-69,2004,19.7
Males,70-74,2004,21.5
Males,75-79,2004,20.2
Males,80-84,2004,28.9
Males,85+,2004,33.4
Females,15-19,2004,4.8
Females,20-24,2004,5.5
Females,25-29,2004,4.5
Females,30-34,2004,6.3
Females,35-39,2004,5.6
Females,40-44,2004,6.5
Females,45-49,2004,7.1
Females,50-54,2004,5.8
Females,55-59,2004,4.1
Females,60-64,2004,3.8
Females,65-69,2004,4.6
Females,70-74,2004,3.7
Females,75-79,2004,6.4
Females,80-84,2004,6.6
Females,85+,2004,2.5
Males,15-19,2005,9.5
Males,20-24,2005,23.1
Males,25-29,2005,22.9
Males,30-34,2005,27.8
Males,35-39,2005,22.9
Males,40-44,2005,26.9
Males,45-49,2005,24.6
Males,50-54,2005,20.9
Males,55-59,2005,15.1
Males,60-64,2005,14.5
Males,65-69,2005,12.6
Males,70-74,2005,16.5
Males,75-79,2005,15.4
Males,80-84,2005,25.3
Males,85+,2005,34.2
Females,15-19,2005,3.6
Females,20-24,2005,4.7
Females,25-29,2005,6.4
Females,30-34,2005,4.8
Females,35-39,2005,6.9
Females,40-44,2005,5.6
Females,45-49,2005,6.3
Females,50-54,2005,5.9
Females,55-59,2005,4.1
Females,60-64,2005,5.4
Females,65-69,2005,5.2
Females,70-74,2005,5.6
Females,75-79,2005,6.7
Females,80-84,2005,4.7
Females,85+,2005,3.4
Males,15-19,2006,11.3
Males,20-24,2006,20.2
Males,25-29,2006,17.8
Males,30-34,2006,20.8
Males,35-39,2006,24.7
Males,40-44,2006,22.2
Males,45-49,2006,26.4
Males,50-54,2006,21.0
Males,55-59,2006,18.3
Males,60-64,2006,16.5
Males,65-69,2006,14.7
Males,70-74,2006,19.0
Males,75-79,2006,18.8
Males,80-84,2006,15.8
Males,85+,2006,39.7
Females,15-19,2006,4.3
Females,20-24,2006,5.5
Females,25-29,2006,5.1
Females,30-34,2006,5.3
Females,35-39,2006,7.2
Females,40-44,2006,7.5
Females,45-49,2006,5.0
Females,50-54,2006,6.8
Females,55-59,2006,6.8
Females,60-64,2006,6.1
Females,65-69,2006,4.9
Females,70-74,2006,7.1
Females,75-79,2006,5.4
Females,80-84,2006,6.3
Females,85+,2006,4.6
Males,15-19,2007,11.5
Males,20-24,2007,19.8
Males,25-29,2007,22.1
Males,30-34,2007,24.9
Males,35-39,2007,27.1
Males,40-44,2007,22.4
Males,45-49,2007,21.9
Males,50-54,2007,21.6
Males,55-59,2007,17.1
Males,60-64,2007,17.6
Males,65-69,2007,15.4
Males,70-74,2007,14.3
Males,75-79,2007,20.3
Males,80-84,2007,23.5
Males,85+,2007,29.8
Females,15-19,2007,4.6
Females,20-24,2007,4.7
Females,25-29,2007,5.8
Females,30-34,2007,6.7
Females,35-39,2007,6.6
Females,40-44,2007,7.8
Females,45-49,2007,7.0
Females,50-54,2007,8.0
Females,55-59,2007,7.3
Females,60-64,2007,7.2
Females,65-69,2007,4.7
Females,70-74,2007,4.5
Females,75-79,2007,5.4
Females,80-84,2007,2.5
Females,85+,2007,4.9
Males,15-19,2008,9.8
Males,20-24,2008,19.8
Males,25-29,2008,21.7
Males,30-34,2008,26.0
Males,35-39,2008,26.2
Males,40-44,2008,28.5
Males,45-49,2008,26.0
Males,50-54,2008,21.3
Males,55-59,2008,20.6
Males,60-64,2008,15.7
Males,65-69,2008,20.0
Males,70-74,2008,17.9
Males,75-79,2008,19.1
Males,80-84,2008,22.7
Males,85+,2008,28.1
Females,15-19,2008,3.6
Females,20-24,2008,4.7
Females,25-29,2008,5.0
Females,30-34,2008,7.3
Females,35-39,2008,7.9
Females,40-44,2008,6.9
Females,45-49,2008,7.2
Females,50-54,2008,8.5
Females,55-59,2008,6.1
Females,60-64,2008,3.8
Females,65-69,2008,3.8
Females,70-74,2008,6.2
Females,75-79,2008,4.7
Females,80-84,2008,1.6
Females,85+,2008,3.8
Males,15-19,2009,10.2
Males,20-24,2009,16.3
Males,25-29,2009,20.8
Males,30-34,2009,22.9
Males,35-39,2009,25.2
Males,40-44,2009,26.0
Males,45-49,2009,25.6
Males,50-54,2009,22.8
Males,55-59,2009,18.6
Males,60-64,2009,20.2
Males,65-69,2009,14.9
Males,70-74,2009,14.9
Males,75-79,2009,23.8
Males,80-84,2009,19.3
Males,85+,2009,32.3
Females,15-19,2009,3.9
Females,20-24,2009,4.9
Females,25-29,2009,6.4
Females,30-34,2009,7.2
Females,35-39,2009,7.1
Females,40-44,2009,6.4
Females,45-49,2009,6.1
Females,50-54,2009,9.3
Females,55-59,2009,7.4
Females,60-64,2009,5.5
Females,65-69,2009,5.1
Females,70-74,2009,4.0
Females,75-79,2009,5.4
Females,80-84,2009,5.7
Females,85+,2009,5.3
Males,15-19,2010,12.1
Males,20-24,2010,16.4
Males,25-29,2010,17.4
Males,30-34,2010,23.1
Males,35-39,2010,28.8
Males,40-44,2010,29.0
Males,45-49,2010,29.1
Males,50-54,2010,22.7
Males,55-59,2010,21.0
Males,60-64,2010,19.3
Males,65-69,2010,13.7
Males,70-74,2010,16.9
Males,75-79,2010,27.2
Males,80-84,2010,27.4
Males,85+,2010,25.8
Females,15-19,2010,3.7
Females,20-24,2010,7.0
Females,25-29,2010,6.4
Females,30-34,2010,6.3
Females,35-39,2010,7.3
Females,40-44,2010,7.0
Females,45-49,2010,8.2
Females,50-54,2010,7.5
Females,55-59,2010,6.8
Females,60-64,2010,5.0
Females,65-69,2010,3.3
Females,70-74,2010,4.4
Females,75-79,2010,5.1
Females,80-84,2010,6.8
Females,85+,2010,4.7
Males,15-19,2011,10.8
Males,20-24,2011,19.6
Males,25-29,2011,21.0
Males,30-34,2011,22.1
Males,35-39,2011,22.0
Males,40-44,2011,23.5
Males,45-49,2011,25.8
Males,50-54,2011,20.3
Males,55-59,2011,19.8
Males,60-64,2011,16.5
Males,65-69,2011,17.3
Males,70-74,2011,14.6
Males,75-79,2011,19.0
Males,80-84,2011,25.2
Males,85+,2011,35.2
Females,15-19,2011,5.1
Females,20-24,2011,7.2
Females,25-29,2011,5.0
Females,30-34,2011,5.7
Females,35-39,2011,7.5
Females,40-44,2011,8.1
Females,45-49,2011,7.3
Females,50-54,2011,6.5
Females,55-59,2011,7.9
Females,60-64,2011,4.2
Females,65-69,2011,3.5
Females,70-74,2011,5.9
Females,75-79,2011,4.0
Females,80-84,2011,4.7
Females,85+,2011,7.9
Males,15-19,2012,9.6
Males,20-24,2012,17.4
Males,25-29,2012,19.8
Males,30-34,2012,22.7
Males,35-39,2012,26.0
Males,40-44,2012,25.8
Males,45-49,2012,27.1
Males,50-54,2012,24.5
Males,55-59,2012,21.1
Males,60-64,2012,17.6
Males,65-69,2012,15.2
Males,70-74,2012,18.9
Males,75-79,2012,17.2
Males,80-84,2012,29.1
Males,85+,2012,38.1
Females,15-19,2012,8.3
Females,20-24,2012,6.3
Females,25-29,2012,5.1
Females,30-34,2012,6.9
Females,35-39,2012,8.3
Females,40-44,2012,8.6
Females,45-49,2012,6.6
Females,50-54,2012,9.2
Females,55-59,2012,6.5
Females,60-64,2012,6.2
Females,65-69,2012,4.3
Females,70-74,2012,4.7
Females,75-79,2012,4.9
Females,80-84,2012,10.3
Females,85+,2012,4.0
Males,15-19,2013,15.2
Males,20-24,2013,18.5
Males,25-29,2013,18.7
Males,30-34,2013,20.0
Males,35-39,2013,21.8
Males,40-44,2013,26.7
Males,45-49,2013,24.3
Males,50-54,2013,24.6
Males,55-59,2013,21.5
Males,60-64,2013,18.9
Males,65-69,2013,16.8
Males,70-74,2013,17.8
Males,75-79,2013,21.4
Males,80-84,2013,22.7
Males,85+,2013,38.6
Females,15-19,2013,5.7
Females,20-24,2013,6.7
Females,25-29,2013,5.6
Females,30-34,2013,5.7
Females,35-39,2013,8.2
Females,40-44,2013,9.5
Females,45-49,2013,8.4
Females,50-54,2013,8.9
Females,55-59,2013,7.0
Females,60-64,2013,7.5
Females,65-69,2013,5.0
Females,70-74,2013,5.8
Females,75-79,2013,5.4
Females,80-84,2013,4.8
Females,85+,2013,6.7
Males,15-19,2014,12.6
Males,20-24,2014,21.3
Males,25-29,2014,19.9
Males,30-34,2014,27.2
Males,35-39,2014,25.2
Males,40-44,2014,31.1
Males,45-49,2014,25.7
Males,50-54,2014,30.1
Males,55-59,2014,27.1
Males,60-64,2014,21.4
Males,65-69,2014,16.9
Males,70-74,2014,16.8
Males,75-79,2014,22.0
Males,80-84,2014,20.9
Males,85+,2014,38.5
Females,15-19,2014,5.4
Females,20-24,2014,7.3
Females,25-29,2014,6.5
Females,30-34,2014,7.5
Females,35-39,2014,9.8
Females,40-44,2014,8.2
Females,45-49,2014,7.9
Females,50-54,2014,9.1
Females,55-59,2014,7.9
Females,60-64,2014,6.1
Females,65-69,2014,5.9
Females,70-74,2014,6.7
Females,75-79,2014,3.4
Females,80-84,2014,6.0
Females,85+,2014,6.9
Males,15-19,2015,12.4
Males,20-24,2015,22.7
Males,25-29,2015,22.9
Males,30-34,2015,25.4
Males,35-39,2015,27.9
Males,40-44,2015,30.8
Males,45-49,2015,32.6
Males,50-54,2015,32.0
Males,55-59,2015,21.5
Males,60-64,2015,19.7
Males,65-69,2015,19.2
Males,70-74,2015,19.2
Males,75-79,2015,20.1
Males,80-84,2015,26.8
Males,85+,2015,41.3
Females,15-19,2015,7.9
Females,20-24,2015,6.6
Females,25-29,2015,6.7
Females,30-34,2015,6.7
Females,35-39,2015,8.8
Females,40-44,2015,8.4
Females,45-49,2015,11.3
Females,50-54,2015,10.1
Females,55-59,2015,9.2
Females,60-64,2015,5.8
Females,65-69,2015,4.6
Females,70-74,2015,6.5
Females,75-79,2015,6.3
Females,80-84,2015,6.8
Females,85+,2015,6.1
Males,15-19,2016,13.5
Males,20-24,2016,23.7
Males,25-29,2016,21.3
Males,30-34,2016,27.5
Males,35-39,2016,25.1
Males,40-44,2016,27.7
Males,45-49,2016,23.5
Males,50-54,2016,24.4
Males,55-59,2016,22.4
Males,60-64,2016,21.6
Males,65-69,2016,16.1
Males,70-74,2016,15.1
Males,75-79,2016,22.4
Males,80-84,2016,22.2
Males,85+,2016,36.3
Females,15-19,2016,5.1
Females,20-24,2016,8.0
Females,25-29,2016,7.5
Females,30-34,2016,8.6
Females,35-39,2016,7.4
Females,40-44,2016,8.2
Females,45-49,2016,8.4
Females,50-54,2016,10.6
Females,55-59,2016,7.0
Females,60-64,2016,6.0
Females,65-69,2016,4.8
Females,70-74,2016,5.3
Females,75-79,2016,8.5
Females,80-84,2016,4.8
Females,85+,2016,8.2
Males,15-19,2017,15.0
Males,20-24,2017,22.4
Males,25-29,2017,24.7
Males,30-34,2017,27.7
Males,35-39,2017,27.7
Males,40-44,2017,32.3
Males,45-49,2017,33.7
Males,50-54,2017,22.3
Males,55-59,2017,27.3
Males,60-64,2017,20.8
Males,65-69,2017,22.0
Males,70-74,2017,19.1
Males,75-79,2017,16.5
Males,80-84,2017,22.4
Males,85+,2017,34.2
Females,15-19,2017,7.1
Females,20-24,2017,6.8
Females,25-29,2017,7.6
Females,30-34,2017,7.6
Females,35-39,2017,7.1
Females,40-44,2017,10.2
Females,45-49,2017,11.1
Females,50-54,2017,11.4
Females,55-59,2017,9.9
Females,60-64,2017,7.9
Females,65-69,2017,5.8
Females,70-74,2017,7.0
Females,75-79,2017,6.8
Females,80-84,2017,7.3
Females,85+,2017,5.5
Males,15-19,2018,17.8
Males,20-24,2018,23.8
Males,25-29,2018,23.4
Males,30-34,2018,23.9
Males,35-39,2018,27.7
Males,40-44,2018,26.0
Males,45-49,2018,29.5
Males,50-54,2018,28.1
Males,55-59,2018,29.5
Males,60-64,2018,24.0
Males,65-69,2018,16.3
Males,70-74,2018,17.2
Males,75-79,2018,18.3
Males,80-84,2018,23.8
Males,85+,2018,33.9
Females,15-19,2018,7.0
Females,20-24,2018,6.2
Females,25-29,2018,6.9
Females,30-34,2018,6.6
Females,35-39,2018,7.5
Females,40-44,2018,9.8
Females,45-49,2018,8.5
Females,50-54,2018,9.3
Females,55-59,2018,8.6
Females,60-64,2018,7.0
Females,65-69,2018,6.3
Females,70-74,2018,4.8
Females,75-79,2018,5.2
Females,80-84,2018,9.4
Females,85+,2018,5.2
Males,15-19,2019,16.4
Males,20-24,2019,24.7
Males,25-29,2019,24.6
Males,30-34,2019,26.4
Males,35-39,2019,28.1
Males,40-44,2019,29.5
Males,45-49,2019,32.3
Males,50-54,2019,27.1
Males,55-59,2019,26.5
Males,60-64,2019,24.2
Males,65-69,2019,18.1
Males,70-74,2019,18.3
Males,75-79,2019,19.5
Males,80-84,2019,22.4
Males,85+,2019,32.9
Females,15-19,2019,6.6
Females,20-24,2019,8.4
Females,25-29,2019,8.5
Females,30-34,2019,6.2
Females,35-39,2019,9.4
Females,40-44,2019,10.3
Females,45-49,2019,7.7
Females,50-54,2019,8.9
Females,55-59,2019,9.7
Females,60-64,2019,7.4
Females,65-69,2019,4.7
Females,70-74,2019,4.6
Females,75-79,2019,7.4
Females,80-84,2019,7.2
Females,85+,2019,8.6
Males,15-19,2020,17.4
Males,20-24,2020,25.4
Males,25-29,2020,23.3
Males,30-34,2020,23.7
Males,35-39,2020,24.1
Males,40-44,2020,27.3
Males,45-49,2020,25.6
Males,50-54,2020,26.6
Males,55-59,2020,23.4
Males,60-64,2020,23.6
Males,65-69,2020,18.0
Males,70-74,2020,16.8
Males,75-79,2020,19.8
Males,80-84,2020,21.7
Males,85+,2020,37.9
Females,15-19,2020,6.1
Females,20-24,2020,7.4
Females,25-29,2020,8.2
Females,30-34,2020,8.3
Females,35-39,2020,7.6
Females,40-44,2020,8.3
Females,45-49,2020,9.7
Females,50-54,2020,6.8
Females,55-59,2020,6.1
Females,60-64,2020,6.7
Females,65-69,2020,4.6
Females,70-74,2020,5.6
Females,75-79,2020,6.3
Females,80-84,2020,7.0
Females,85+,2020,6.9
Males,15-19,2021,13.1
Males,20-24,2021,21.9
Males,25-29,2021,24.5
Males,30-34,2021,23.7
Males,35-39,2021,24.9
Males,40-44,2021,23.0
Males,45-49,2021,23.2
Males,50-54,2021,27.2
Males,55-59,2021,26.0
Males,60-64,2021,22.4
Males,65-69,2021,18.9
Males,70-74,2021,19.3
Males,75-79,2021,17.5
Males,80-84,2021,31.6
Males,85+,2021,36.4
Females,15-19,2021,7.1
Females,20-24,2021,9.0
Females,25-29,2021,7.8
Females,30-34,2021,7.0
Females,35-39,2021,8.0
Females,40-44,2021,8.9
Females,45-49,2021,7.6
Females,50-54,2021,9.7
Females,55-59,2021,7.5
Females,60-64,2021,5.2
Females,65-69,2021,4.5
Females,70-74,2021,4.9
Females,75-79,2021,4.3
Females,80-84,2021,6.1
Females,85+,2021,8.9
Males,15-19,2022,9.7
Males,20-24,2022,20.5
Males,25-29,2022,24.0
Males,30-34,2022,25.0
Males,35-39,2022,24.1
Males,40-44,2022,27.3
Males,45-49,2022,32.6
Males,50-54,2022,27.4
Males,55-59,2022,24.9
Males,60-64,2022,21.6
Males,65-69,2022,19.9
Males,70-74,2022,20.0
Males,75-79,2022,20.7
Males,80-84,2022,22.2
Males,85+,2022,32.7
Females,15-19,2022,6.6
Females,20-24,2022,8.7
Females,25-29,2022,8.3
Females,30-34,2022,7.6
Females,35-39,2022,7.7
Females,40-44,2022,7.3
Females,45-49,2022,8.8
Females,50-54,2022,8.3
Females,55-59,2022,7.1
Females,60-64,2022,6.0
Females,65-69,2022,4.4
Females,70-74,2022,6.6
Females,75-79,2022,5.1
Females,80-84,2022,5.2
Females,85+,2022,10.6